SeniorCitizen,tenure,MonthlyCharges,TotalCharges,avg_monthly_spend,num_services,gender_Male,Partner_Yes,Dependents_Yes,PhoneService_Yes,MultipleLines_No phone service,MultipleLines_Yes,InternetService_Fiber optic,InternetService_No,OnlineSecurity_No internet service,OnlineSecurity_Yes,OnlineBackup_No internet service,OnlineBackup_Yes,DeviceProtection_No internet service,DeviceProtection_Yes,TechSupport_No internet service,TechSupport_Yes,StreamingTV_No internet service,StreamingTV_Yes,StreamingMovies_No internet service,StreamingMovies_Yes,Contract_One year,Contract_Two year,PaperlessBilling_Yes,PaymentMethod_Credit card (automatic),PaymentMethod_Electronic check,PaymentMethod_Mailed check,tenure_bucket_1-2yr,tenure_bucket_2-4yr,tenure_bucket_4-6yr,churn_probability,actual_churn,risk_tier
0,72,114.05,8468.2,116.00273972602741,8,True,True,True,True,False,True,True,False,False,True,False,True,False,True,False,True,False,True,False,True,False,True,True,True,False,False,False,False,True,0.009701475,0,Low
1,8,100.15,908.55,100.94999999999999,5,False,False,False,True,False,True,True,False,False,False,False,False,False,False,False,True,False,True,False,True,False,False,True,True,False,False,False,False,False,0.97412986,0,High
0,41,78.35,3211.2,76.45714285714286,6,False,True,True,True,False,True,False,False,False,True,False,True,False,True,False,False,False,True,False,False,True,False,True,True,False,False,False,True,False,0.05546914,0,Low
0,18,78.2,1468.75,77.30263157894737,3,True,True,False,True,False,False,True,False,False,False,False,False,False,True,False,True,False,False,False,False,False,False,False,False,True,False,True,False,False,0.30038023,0,Medium
0,72,82.65,5919.35,81.08698630136986,7,False,True,False,True,False,True,False,False,False,True,False,True,False,True,False,False,False,True,False,True,False,True,True,True,False,False,False,False,True,0.0035474133,0,Low
0,21,99.85,1992.55,90.57045454545454,5,False,False,False,True,False,True,True,False,False,False,False,True,False,False,False,False,False,True,False,True,False,False,True,True,False,False,True,False,False,0.72385323,0,High
0,21,99.15,1956.4,88.92727272727274,5,False,False,False,True,False,False,True,False,False,False,False,True,False,False,False,True,False,True,False,True,False,False,True,False,False,False,True,False,False,0.45391765,0,Medium
0,19,24.1,439.2,21.96,2,True,False,True,True,False,True,False,True,True,False,True,False,True,False,True,False,True,False,True,False,False,False,True,True,False,False,True,False,False,0.16584468,0,Low
0,61,19.75,1311.6,21.154838709677417,1,False,True,True,True,False,False,False,True,True,False,True,False,True,False,True,False,True,False,True,False,False,True,False,True,False,False,False,False,True,0.00666997,0,Low
1,17,45.05,770.6,42.81111111111111,1,True,False,False,True,False,False,False,False,False,False,False,False,False,False,False,False,False,False,False,False,False,False,True,False,True,False,True,False,False,0.41910848,1,Medium
0,70,106.05,7554.05,106.39507042253521,6,True,True,True,True,False,True,True,False,False,True,False,True,False,False,False,False,False,True,False,True,False,False,True,False,True,False,False,False,True,0.19322865,0,Low
1,72,114.85,8317.95,113.94452054794522,8,False,True,False,True,False,True,True,False,False,True,False,True,False,True,False,True,False,True,False,True,False,True,True,False,False,False,False,False,True,0.005661978,0,Low
0,49,30.2,1453.1,29.061999999999998,1,True,False,False,False,True,False,False,False,False,False,False,False,False,True,False,False,False,False,False,False,False,False,True,False,False,False,False,False,True,0.07197448,0,Low
1,11,84.8,906.85,75.57083333333334,3,False,False,False,True,False,True,True,False,False,False,False,False,False,False,False,False,False,False,False,True,False,False,True,True,False,False,False,False,False,0.9072179,1,High
0,19,48.8,953.65,47.6825,2,False,False,True,True,False,False,False,False,False,False,False,False,False,False,False,True,False,False,False,False,False,False,False,False,False,True,True,False,False,0.10350407,0,Low
0,72,84.5,6130.85,83.98424657534247,3,True,True,True,True,False,True,True,False,False,False,False,False,False,False,False,False,False,False,False,True,False,True,True,True,False,False,False,False,True,0.088477746,0,Low
0,8,19.5,159.35,17.705555555555556,1,False,True,True,True,False,False,False,True,True,False,True,False,True,False,True,False,True,False,True,False,False,True,False,False,False,False,False,False,False,0.014461391,0,Low
0,15,91.0,1430.05,89.378125,4,True,False,True,True,False,True,True,False,False,False,False,True,False,False,False,False,False,True,False,False,False,False,True,False,True,False,True,False,False,0.8842978,0,High
0,67,105.7,6816.95,100.24926470588235,6,False,True,False,True,False,True,True,False,False,False,False,True,False,True,False,False,False,True,False,True,True,False,True,False,False,False,False,False,True,0.23942485,0,Low
0,26,35.4,978.6,36.24444444444445,2,False,True,False,False,True,False,False,False,False,True,False,False,False,True,False,False,False,False,False,False,True,False,False,True,False,False,False,True,False,0.120853014,0,Low
1,2,74.85,156.4,52.13333333333333,2,True,False,False,True,False,True,True,False,False,False,False,False,False,False,False,False,False,False,False,False,False,False,True,False,False,True,False,False,False,0.7003478,1,High
0,21,28.5,629.35,28.606818181818184,1,False,True,False,False,True,False,False,False,False,True,False,False,False,False,False,False,False,False,False,False,False,False,False,False,True,False,True,False,False,0.2392822,0,Low
0,49,20.05,923.1,18.462,1,False,True,False,True,False,False,False,True,True,False,True,False,True,False,True,False,True,False,True,False,True,False,True,False,False,False,False,False,True,0.008161057,0,Low
0,21,19.8,350.1,15.913636363636364,1,True,True,True,True,False,False,False,True,True,False,True,False,True,False,True,False,True,False,True,False,True,False,False,False,False,True,True,False,False,0.009720343,0,Low
0,51,69.15,3649.6,70.18461538461538,1,False,True,False,True,False,False,True,False,False,False,False,False,False,False,False,False,False,False,False,False,False,False,False,False,False,True,False,False,True,0.08206994,0,Low
1,16,54.55,825.1,48.53529411764706,3,True,True,False,True,False,False,False,False,False,True,False,True,False,False,False,False,False,False,False,False,False,False,True,False,False,False,True,False,False,0.13874954,0,Low
0,22,89.25,1907.85,82.95,3,False,False,False,True,False,False,True,False,False,False,False,False,False,False,False,False,False,True,False,True,False,False,False,False,True,False,True,False,False,0.59944165,1,Medium
0,13,102.25,1359.0,97.07142857142857,5,True,True,False,True,False,True,True,False,False,False,False,False,False,True,False,False,False,True,False,True,False,False,True,True,False,False,True,False,False,0.88315314,1,High
0,43,25.1,1070.15,24.32159090909091,2,False,False,True,True,False,True,False,True,True,False,True,False,True,False,True,False,True,False,True,False,False,True,True,False,True,False,False,True,False,0.02298191,0,Low
0,3,89.45,240.45,60.1125,3,False,False,False,True,False,False,True,False,False,False,False,False,False,False,False,False,False,True,False,True,False,False,True,False,True,False,False,False,False,0.8653598,1,High
1,54,90.05,4931.8,89.66909090909091,4,True,False,False,True,False,True,True,False,False,False,False,True,False,False,False,False,False,False,False,True,False,False,True,False,True,False,False,False,True,0.29234716,0,Low
0,1,24.2,24.2,12.1,0,True,False,True,False,True,False,False,False,False,False,False,False,False,False,False,False,False,False,False,False,False,False,False,False,False,True,False,False,False,0.45714042,0,Medium
0,69,20.55,1403.1,20.044285714285714,1,True,True,True,True,False,False,False,True,True,False,True,False,True,False,True,False,True,False,True,False,True,False,True,True,False,False,False,False,True,0.0021564758,0,Low
0,62,23.4,1429.65,22.692857142857143,2,True,False,False,True,False,True,False,True,True,False,True,False,True,False,True,False,True,False,True,False,False,True,False,False,False,False,False,False,True,0.0062356894,0,Low
0,2,90.4,168.2,56.06666666666666,3,False,False,False,True,False,False,True,False,False,False,False,False,False,False,False,False,False,True,False,True,False,False,True,False,True,False,False,False,False,0.94819576,1,High
1,62,96.1,6019.35,95.5452380952381,5,False,True,True,True,False,True,True,False,False,False,False,True,False,True,False,False,False,False,False,True,False,False,True,True,False,False,False,False,True,0.09079471,0,Low
1,2,44.95,85.15,28.383333333333336,1,True,False,False,True,False,False,False,False,False,False,False,False,False,False,False,False,False,False,False,False,False,False,False,False,False,True,False,False,False,0.5411949,1,Medium
0,69,19.9,1356.7,19.38142857142857,1,True,True,True,True,False,False,False,True,True,False,True,False,True,False,True,False,True,False,True,False,False,True,False,False,False,False,False,False,True,0.0029148005,0,Low
0,1,74.5,74.5,37.25,2,False,False,False,True,False,True,True,False,False,False,False,False,False,False,False,False,False,False,False,False,False,False,True,False,True,False,False,False,False,0.95293653,1,High
0,31,55.25,1715.65,53.6140625,3,True,False,False,True,False,False,False,False,False,False,False,False,False,True,False,True,False,False,False,False,False,False,True,False,True,False,False,True,False,0.035813175,1,Low
1,69,20.3,1356.3,19.375714285714285,1,True,False,False,True,False,False,False,True,True,False,True,False,True,False,True,False,True,False,True,False,False,True,False,True,False,False,False,False,True,0.003945094,0,Low
0,2,91.45,171.45,57.15,4,True,True,False,True,False,True,True,False,False,False,False,False,False,True,False,False,False,True,False,False,False,False,True,False,True,False,False,False,False,0.9796672,0,High
0,33,70.4,2406.1,70.76764705882353,1,False,False,False,True,False,False,True,False,False,False,False,False,False,False,False,False,False,False,False,False,False,False,True,False,False,False,False,True,False,0.6086133,0,High
0,3,19.6,55.25,13.8125,1,False,True,False,True,False,False,False,True,True,False,True,False,True,False,True,False,True,False,True,False,False,False,True,False,False,True,False,False,False,0.23817286,0,Low
0,44,65.4,2774.55,61.65666666666667,4,True,False,False,True,False,False,False,False,False,True,False,False,False,False,False,True,False,True,False,False,True,False,False,False,True,False,False,True,False,0.04049055,0,Low
0,10,110.1,1043.3,94.84545454545454,7,True,False,False,True,False,False,True,False,False,True,False,True,False,True,False,True,False,True,False,True,False,False,True,False,True,False,False,False,False,0.70139563,1,High
0,8,75.25,576.7,64.07777777777778,2,False,False,False,True,False,True,True,False,False,False,False,False,False,False,False,False,False,False,False,False,False,False,True,False,True,False,False,False,False,0.532465,0,Medium
0,8,66.65,520.95,57.88333333333334,4,True,False,False,True,False,False,False,False,False,False,False,True,False,False,False,True,False,True,False,False,False,False,True,False,True,False,False,False,False,0.11080259,0,Low
0,69,20.35,1442.65,20.609285714285715,1,False,True,True,True,False,False,False,True,True,False,True,False,True,False,True,False,True,False,True,False,True,False,True,True,False,False,False,False,True,0.0026362198,0,Low
0,23,75.6,1758.6,73.27499999999999,2,False,False,False,True,False,True,True,False,False,False,False,False,False,False,False,False,False,False,False,False,False,False,False,False,False,False,True,False,False,0.094781205,1,Low
0,66,25.1,1697.7,25.338805970149256,2,True,False,False,True,False,True,False,True,True,False,True,False,True,False,True,False,True,False,True,False,False,True,False,False,False,True,False,False,True,0.0027905286,0,Low
0,1,102.45,102.45,51.225,6,False,True,True,True,False,True,True,False,False,True,False,False,False,True,False,False,False,True,False,True,False,False,True,False,True,False,False,False,False,0.92042905,1,High
0,3,19.95,58.0,14.5,1,False,False,False,True,False,False,False,True,True,False,True,False,True,False,True,False,True,False,True,False,False,False,False,False,False,True,False,False,False,0.14920574,0,Low
0,5,51.0,286.8,47.800000000000004,2,False,False,True,True,False,False,False,False,False,False,False,False,False,False,False,True,False,False,False,False,False,False,True,False,False,True,False,False,False,0.5349472,0,Medium
0,1,51.2,51.2,25.6,2,False,False,True,True,False,False,False,False,False,True,False,False,False,False,False,False,False,False,False,False,False,False,False,False,False,True,False,False,False,0.53992236,0,Medium
0,9,77.65,714.15,71.41499999999999,2,False,False,False,True,False,False,True,False,False,False,False,False,False,False,False,False,False,True,False,False,False,False,True,False,False,False,False,False,False,0.62568706,1,High
0,36,63.7,2188.5,59.148648648648646,4,True,True,True,True,False,False,False,False,False,True,False,False,False,True,False,False,False,False,False,True,True,False,True,True,False,False,False,True,False,0.06881379,0,Low
0,68,85.5,5696.6,82.55942028985508,4,True,True,True,True,False,True,True,False,False,True,False,True,False,False,False,False,False,False,False,False,True,False,True,False,False,False,False,False,True,0.039637625,0,Low
0,35,40.9,1383.6,38.43333333333333,2,False,True,True,False,True,False,False,False,False,False,False,False,False,False,False,True,False,True,False,False,True,False,False,False,False,True,False,True,False,0.022436807,0,Low
0,60,20.55,1205.05,19.754918032786886,1,True,True,True,True,False,False,False,True,True,False,True,False,True,False,True,False,True,False,True,False,False,True,False,False,False,True,False,False,True,0.004451377,0,Low
0,72,74.55,5430.65,74.39246575342466,6,False,True,True,True,False,True,False,False,False,True,False,True,False,False,False,True,False,True,False,False,False,True,False,False,False,True,False,False,True,0.0037570838,0,Low
0,45,20.4,930.45,20.22717391304348,1,True,False,False,True,False,False,False,True,True,False,True,False,True,False,True,False,True,False,True,False,True,False,True,False,True,False,False,True,False,0.006602851,1,Low
0,37,91.2,3247.55,85.46184210526316,3,True,True,True,True,False,False,True,False,False,False,False,False,False,False,False,False,False,True,False,True,True,False,False,True,False,False,False,True,False,0.23814741,0,Low
0,7,50.7,350.35,43.79375,2,False,True,True,True,False,False,False,False,False,True,False,False,False,False,False,False,False,False,False,False,False,False,False,False,False,True,False,False,False,0.20020151,0,Low
0,4,50.7,151.3,30.26,2,False,False,False,True,False,False,False,False,False,False,False,True,False,False,False,False,False,False,False,False,False,False,False,True,False,False,False,False,False,0.29924878,1,Low
0,1,54.9,54.9,27.45,3,False,False,False,True,False,False,False,False,False,True,False,True,False,False,False,False,False,False,False,False,False,False,True,False,True,False,False,False,False,0.70168793,1,High
0,4,60.4,272.15,54.42999999999999,4,False,False,False,True,False,False,False,False,False,True,False,True,False,False,False,True,False,False,False,False,False,False,True,False,False,True,False,False,False,0.12706941,1,Low
0,18,49.55,878.35,46.22894736842105,2,True,True,False,True,False,False,False,False,False,False,False,False,False,True,False,False,False,False,False,False,False,False,True,False,False,True,True,False,False,0.10464392,1,Low
0,12,74.05,872.65,67.12692307692308,5,False,False,False,True,False,True,False,False,False,False,False,False,False,False,False,True,False,True,False,True,True,False,False,False,False,True,False,False,False,0.09258003,1,Low
0,1,80.05,80.05,40.025,2,False,True,True,True,False,False,True,False,False,False,False,False,False,False,False,False,False,True,False,False,False,False,True,False,False,True,False,False,False,0.9323053,1,High
0,72,25.0,1738.9,23.82054794520548,2,True,True,True,True,False,True,False,True,True,False,True,False,True,False,True,False,True,False,True,False,False,True,False,False,False,False,False,False,True,0.002007178,0,Low
0,42,20.25,835.5,19.430232558139537,1,True,True,False,True,False,False,False,True,True,False,True,False,True,False,True,False,True,False,True,False,False,True,False,False,True,False,False,True,False,0.0043113767,0,Low
1,24,76.1,1712.7,68.508,2,True,False,False,True,False,True,True,False,False,False,False,False,False,False,False,False,False,False,False,False,False,False,True,False,True,False,True,False,False,0.49331614,1,Medium
0,26,78.95,2034.25,75.3425925925926,2,True,True,True,True,False,False,True,False,False,False,False,False,False,False,False,False,False,False,False,True,True,False,False,False,False,False,False,True,False,0.14624378,0,Low
0,68,73.0,5163.0,74.82608695652173,6,False,True,True,True,False,True,False,False,False,True,False,True,False,True,False,False,False,True,False,False,True,False,True,True,False,False,False,False,True,0.045672793,0,Low
0,17,19.9,323.15,17.952777777777776,1,False,False,False,True,False,False,False,True,True,False,True,False,True,False,True,False,True,False,True,False,True,False,False,False,False,False,True,False,False,0.041026022,0,Low
0,59,111.1,6555.2,109.25333333333333,7,True,True,True,True,False,True,True,False,False,True,False,True,False,False,False,True,False,True,False,True,False,True,True,False,False,True,False,False,True,0.12509745,0,Low
0,13,74.4,896.75,64.05357142857143,2,True,True,True,True,False,True,True,False,False,False,False,False,False,False,False,False,False,False,False,False,False,False,True,True,False,False,True,False,False,0.57289207,1,Medium
0,2,20.45,42.45,14.15,1,False,False,False,True,False,False,False,True,True,False,True,False,True,False,True,False,True,False,True,False,False,False,True,False,False,True,False,False,False,0.077587195,0,Low
0,67,19.65,1335.2,19.63529411764706,1,False,True,False,True,False,False,False,True,True,False,True,False,True,False,True,False,True,False,True,False,False,True,False,False,False,True,False,False,True,0.016072948,0,Low
0,17,20.05,337.9,18.772222222222222,1,False,False,False,True,False,False,False,True,True,False,True,False,True,False,True,False,True,False,True,False,True,False,False,True,False,False,True,False,False,0.015841004,0,Low
0,71,80.1,5585.4,77.57499999999999,7,True,True,False,True,False,True,False,False,False,True,False,True,False,True,False,True,False,False,False,True,False,True,True,False,False,True,False,False,True,0.007040462,0,Low
0,17,98.6,1704.95,94.71944444444445,5,False,True,True,True,False,False,True,False,False,False,False,False,False,True,False,True,False,True,False,True,True,False,False,False,False,False,True,False,False,0.13735162,1,Low
0,1,89.55,89.55,44.775,3,True,False,False,True,False,False,True,False,False,False,False,False,False,False,False,False,False,True,False,True,False,False,True,False,True,False,False,False,False,0.8927663,1,High
0,6,19.7,94.45,13.492857142857144,1,False,True,True,True,False,False,False,True,True,False,True,False,True,False,True,False,True,False,True,False,True,False,False,False,False,True,False,False,False,0.037328027,0,Low
0,61,114.1,7132.15,115.03467741935484,7,True,True,False,True,False,True,True,False,False,False,False,True,False,True,False,True,False,True,False,True,False,False,True,False,True,False,False,False,True,0.17466283,0,Low
0,6,73.85,401.3,57.32857142857143,2,False,False,False,True,False,True,True,False,False,False,False,False,False,False,False,False,False,False,False,False,False,False,True,False,False,True,False,False,False,0.7716811,0,High
1,1,25.05,25.05,12.525,0,False,False,False,False,True,False,False,False,False,False,False,False,False,False,False,False,False,False,False,False,False,False,False,False,False,True,False,False,False,0.70697147,1,High
0,21,102.8,2110.15,95.9159090909091,6,False,True,True,True,False,False,True,False,False,False,False,True,False,True,False,True,False,True,False,True,False,False,True,False,True,False,True,False,False,0.36583883,1,Medium
0,60,110.8,6640.7,108.8639344262295,7,False,True,False,True,False,True,True,False,False,False,False,True,False,True,False,True,False,True,False,True,False,True,True,True,False,False,False,False,True,0.06833672,0,Low
1,20,85.8,1727.5,82.26190476190476,3,False,False,False,True,False,True,True,False,False,False,False,False,False,False,False,False,False,False,False,True,False,False,True,True,False,False,True,False,False,0.46687073,1,Medium
0,22,95.9,2234.95,97.17173913043477,5,True,True,False,True,False,True,True,False,False,True,False,False,False,False,False,True,False,True,False,False,False,False,False,True,False,False,True,False,False,0.28475085,0,Low
0,40,20.6,827.3,20.178048780487803,1,False,False,False,True,False,False,False,True,True,False,True,False,True,False,True,False,True,False,True,False,False,True,True,False,False,False,False,True,False,0.0025687963,0,Low
0,23,74.95,1710.45,71.26875,2,True,False,False,True,False,True,True,False,False,False,False,False,False,False,False,False,False,False,False,False,False,False,True,False,True,False,True,False,False,0.61207736,1,High
0,1,45.95,45.95,22.975,1,False,False,True,True,False,False,False,False,False,False,False,False,False,False,False,False,False,False,False,False,False,False,False,False,False,True,False,False,False,0.6446278,1,High
0,46,38.25,1755.35,37.34787234042553,3,True,False,False,False,True,False,False,False,False,True,False,False,False,True,False,True,False,False,False,False,False,True,False,False,False,True,False,True,False,0.022452092,0,Low
0,5,69.95,320.4,53.4,1,False,True,True,True,False,False,True,False,False,False,False,False,False,False,False,False,False,False,False,False,False,False,False,True,False,False,False,False,False,0.5765576,0,Medium
1,68,20.0,1396.0,20.231884057971016,1,True,False,False,True,False,False,False,True,True,False,True,False,True,False,True,False,True,False,True,False,False,True,True,True,False,False,False,False,True,0.0043739746,0,Low
1,1,25.2,25.2,12.6,0,False,False,False,False,True,False,False,False,False,False,False,False,False,False,False,False,False,False,False,False,False,False,True,False,True,False,False,False,False,0.9327549,1,High
0,2,20.1,43.15,14.383333333333333,1,False,True,False,True,False,False,False,True,True,False,True,False,True,False,True,False,True,False,True,False,False,False,False,False,False,False,False,False,False,0.101593345,0,Low
1,14,104.85,1531.4,102.09333333333333,6,False,False,False,True,False,True,True,False,False,False,False,True,False,True,False,False,False,True,False,True,False,False,True,False,True,False,True,False,False,0.54921925,1,Medium
0,10,70.0,740.0,67.27272727272727,1,True,False,False,True,False,False,True,False,False,False,False,False,False,False,False,False,False,False,False,False,False,False,True,False,True,False,False,False,False,0.5889695,1,Medium
0,13,78.3,1033.95,73.85357142857143,2,True,False,True,True,False,False,True,False,False,False,False,False,False,False,False,False,False,True,False,False,False,False,True,True,False,False,True,False,False,0.36580557,0,Medium
0,34,109.8,3587.25,102.49285714285715,7,False,False,False,True,False,True,True,False,False,True,False,True,False,True,False,False,False,True,False,True,False,False,True,False,False,True,False,True,False,0.18158998,1,Low
0,18,57.45,990.85,52.15,3,True,True,True,True,False,False,False,False,False,False,False,False,False,True,False,False,False,False,False,True,False,False,False,False,True,False,True,False,False,0.3197218,1,Medium
0,71,19.7,1301.1,18.070833333333333,1,True,True,True,True,False,False,False,True,True,False,True,False,True,False,True,False,True,False,True,False,False,True,False,True,False,False,False,False,True,0.0059145973,0,Low
0,70,110.5,7752.05,109.1838028169014,7,False,True,False,True,False,True,True,False,False,False,False,True,False,True,False,True,False,True,False,True,False,True,True,False,True,False,False,False,True,0.19697559,0,Low
0,52,64.3,3410.6,64.35094339622641,4,False,True,False,True,False,False,False,False,False,True,False,False,False,True,False,False,False,True,False,False,True,False,True,False,False,True,False,False,True,0.018219799,0,Low
0,68,105.25,7173.15,103.9586956521739,6,True,True,True,True,False,False,True,False,False,True,False,True,False,True,False,False,False,True,False,True,False,True,True,False,False,False,False,False,True,0.11786948,0,Low
0,38,19.6,717.3,18.392307692307693,1,True,True,True,True,False,False,False,True,True,False,True,False,True,False,True,False,True,False,True,False,False,False,False,False,True,False,False,True,False,0.03961113,0,Low
0,58,24.5,1497.9,25.38813559322034,2,False,True,True,True,False,True,False,True,True,False,True,False,True,False,True,False,True,False,True,False,True,False,True,True,False,False,False,False,True,0.020562438,0,Low
0,3,90.7,237.65,59.4125,3,True,False,False,True,False,False,True,False,False,False,False,False,False,False,False,False,False,True,False,True,False,False,False,False,False,True,False,False,False,0.45368248,0,Medium
0,14,48.8,664.4,44.29333333333333,2,True,True,False,True,False,False,False,False,False,False,False,False,False,False,False,True,False,False,False,False,False,False,False,False,False,False,True,False,False,0.13743164,0,Low
0,2,24.9,49.7,16.566666666666666,0,True,False,False,False,True,False,False,False,False,False,False,False,False,False,False,False,False,False,False,False,False,False,True,True,False,False,False,False,False,0.82789534,0,High
0,1,24.8,24.8,12.4,0,False,True,False,False,True,False,False,False,False,False,False,False,False,False,False,False,False,False,False,False,False,False,True,False,True,False,False,False,False,0.82852304,1,High
1,72,107.4,7748.75,106.1472602739726,7,False,False,False,True,False,True,True,False,False,True,False,True,False,True,False,True,False,False,False,True,False,True,True,False,False,False,False,False,True,0.008228245,0,Low
0,3,43.3,123.65,30.9125,1,True,False,False,True,False,False,False,False,False,False,False,False,False,False,False,False,False,False,False,False,False,False,True,False,True,False,False,False,False,0.7312278,1,High
0,13,80.0,1029.35,73.52499999999999,3,False,False,False,True,False,True,True,False,False,True,False,False,False,False,False,False,False,False,False,False,False,False,True,True,False,False,True,False,False,0.42597,0,Medium
1,72,104.1,7447.7,102.02328767123288,6,True,True,True,True,False,False,True,False,False,True,False,False,False,True,False,True,False,True,False,True,False,True,True,True,False,False,False,False,True,0.012667418,0,Low
0,58,20.75,1185.95,20.10084745762712,1,True,True,False,True,False,False,False,True,True,False,True,False,True,False,True,False,True,False,True,False,False,True,False,False,False,True,False,False,True,0.007932048,0,Low
1,71,95.5,6707.15,93.1548611111111,5,True,True,False,True,False,False,True,False,False,False,False,True,False,True,False,True,False,False,False,True,False,True,True,True,False,False,False,False,True,0.008247304,0,Low
0,1,76.35,76.35,38.175,2,False,False,False,True,False,False,True,False,False,False,False,False,False,True,False,False,False,False,False,False,False,False,False,False,True,False,False,False,False,0.9448239,1,High
0,54,91.3,4965.0,90.27272727272727,8,False,True,True,True,False,True,False,False,False,True,False,True,False,True,False,True,False,True,False,True,False,True,False,True,False,False,False,False,True,0.008186048,0,Low
0,39,45.05,1790.6,44.765,3,True,False,True,False,True,False,False,False,False,True,False,False,False,False,False,True,False,True,False,False,True,False,False,False,False,False,False,True,False,0.0041416036,0,Low
0,1,70.6,70.6,35.3,1,False,False,False,True,False,False,True,False,False,False,False,False,False,False,False,False,False,False,False,False,False,False,True,False,True,False,False,False,False,0.9059584,1,High
0,61,80.8,4860.85,78.40080645161291,7,True,True,False,True,False,True,False,False,False,True,False,True,False,True,False,True,False,False,False,True,False,True,True,False,False,False,False,False,True,0.014643076,0,Low
0,25,89.15,2257.75,86.83653846153847,4,False,True,True,True,False,False,True,False,False,False,False,True,False,True,False,False,False,True,False,False,False,False,True,False,False,False,False,True,False,0.46546695,1,Medium
0,37,91.2,3382.3,89.0078947368421,5,False,False,False,True,False,True,True,False,False,True,False,True,False,True,False,False,False,False,False,False,False,False,False,False,False,False,False,True,False,0.084715344,0,Low
1,26,91.25,2351.8,87.10370370370372,3,False,False,False,True,False,False,True,False,False,False,False,False,False,False,False,False,False,True,False,True,False,False,True,False,True,False,False,True,False,0.60598564,1,High
0,10,19.75,208.25,18.931818181818183,1,True,False,False,True,False,False,False,True,True,False,True,False,True,False,True,False,True,False,True,False,False,False,False,True,False,False,False,False,False,0.08164879,0,Low
0,1,20.4,20.4,10.2,1,False,False,False,True,False,False,False,True,True,False,True,False,True,False,True,False,True,False,True,False,False,False,False,False,False,True,False,False,False,0.3737534,1,Medium
1,24,40.65,933.3,37.332,2,False,True,False,False,True,False,False,False,False,False,False,False,False,True,False,False,False,False,False,True,False,False,True,True,False,False,True,False,False,0.64653,1,High
1,65,110.35,7246.15,109.7901515151515,7,True,False,False,True,False,True,True,False,False,True,False,False,False,True,False,True,False,True,False,True,False,True,True,False,True,False,False,False,True,0.056678932,0,Low
0,23,64.9,1509.8,62.90833333333333,3,True,False,False,True,False,False,False,False,False,False,False,False,False,False,False,False,False,True,False,True,True,False,True,False,False,False,True,False,False,0.0353988,0,Low
0,49,66.15,3199.0,63.98,4,True,False,False,True,False,True,False,False,False,False,False,False,False,False,False,True,False,True,False,False,False,True,True,False,False,False,False,False,True,0.014102557,0,Low
1,42,55.65,2421.75,56.31976744186046,3,False,False,False,True,False,True,False,False,False,False,False,False,False,True,False,False,False,False,False,False,False,False,False,False,True,False,False,True,False,0.14250052,0,Low
0,8,20.85,161.65,17.961111111111112,1,False,False,False,True,False,False,False,True,True,False,True,False,True,False,True,False,True,False,True,False,False,True,False,False,False,True,False,False,False,0.017715303,0,Low
0,28,54.65,1517.5,52.327586206896555,3,False,False,False,True,False,False,False,False,False,False,False,True,False,False,False,True,False,False,False,False,False,False,False,False,False,False,False,True,False,0.04015906,0,Low
0,71,80.6,5708.2,79.28055555555555,7,True,False,False,True,False,True,False,False,False,True,False,True,False,True,False,True,False,False,False,True,False,True,False,False,False,False,False,False,True,0.0033162534,0,Low
0,69,99.45,7007.6,100.10857142857144,5,True,True,True,True,False,True,True,False,False,False,False,False,False,True,False,False,False,True,False,True,False,False,True,True,False,False,False,False,True,0.61345303,1,High
0,68,114.7,7849.85,113.7659420289855,8,True,True,True,True,False,True,True,False,False,True,False,True,False,True,False,True,False,True,False,True,False,True,True,False,False,False,False,False,True,0.45093536,0,Medium
0,64,105.4,6794.75,104.53461538461538,6,False,True,False,True,False,True,True,False,False,False,False,True,False,False,False,True,False,True,False,True,False,True,True,False,False,False,False,False,True,0.037821382,0,Low
1,3,75.05,202.9,50.725,2,False,False,False,True,False,False,True,False,False,False,False,False,False,True,False,False,False,False,False,False,False,False,False,False,False,True,False,False,False,0.35616732,0,Medium
0,66,49.4,3251.85,48.53507462686567,2,False,True,True,True,False,False,False,False,False,False,False,False,False,False,False,True,False,False,False,False,True,False,True,True,False,False,False,False,True,0.007234767,0,Low
0,28,18.25,534.7,18.43793103448276,1,True,False,False,True,False,False,False,True,True,False,True,False,True,False,True,False,True,False,True,False,True,False,False,True,False,False,False,True,False,0.002767926,0,Low
0,67,111.05,7321.05,107.66250000000001,7,True,True,False,True,False,False,True,False,False,True,False,True,False,True,False,True,False,True,False,True,False,True,True,False,True,False,False,False,True,0.1498441,0,Low
0,46,19.6,851.2,18.11063829787234,1,True,True,False,True,False,False,False,True,True,False,True,False,True,False,True,False,True,False,True,False,False,False,False,False,True,False,False,True,False,0.045055933,0,Low
0,55,96.75,5238.9,93.55178571428571,5,True,True,False,True,False,True,True,False,False,True,False,True,False,False,False,False,False,True,False,False,False,False,True,False,True,False,False,False,True,0.52535385,1,Medium
0,22,69.7,1490.4,64.8,1,True,False,False,True,False,False,True,False,False,False,False,False,False,False,False,False,False,False,False,False,False,False,True,False,False,True,True,False,False,0.31022358,0,Medium
0,18,87.9,1500.5,78.97368421052632,4,True,True,True,True,False,False,True,False,False,True,False,False,False,True,False,False,False,True,False,False,False,False,True,False,False,True,True,False,False,0.3785369,0,Medium
0,46,40.4,1842.7,39.206382978723404,3,True,True,False,False,True,False,False,False,False,True,False,False,False,True,False,True,False,False,False,False,False,True,False,True,False,False,False,True,False,0.030358601,0,Low
0,10,78.15,765.15,69.55909090909091,3,False,True,False,True,False,True,True,False,False,True,False,False,False,False,False,False,False,False,False,False,False,False,True,True,False,False,False,False,False,0.6594565,0,High
0,72,99.4,7285.7,99.80410958904109,5,True,True,False,True,False,True,True,False,False,False,False,True,False,False,False,False,False,True,False,True,False,True,True,False,True,False,False,False,True,0.21442856,0,Low
0,16,55.3,875.35,51.491176470588236,3,True,False,False,True,False,True,False,False,False,False,False,True,False,False,False,False,False,False,False,False,False,False,False,False,True,False,True,False,False,0.39948758,0,Medium
1,3,77.0,237.75,59.4375,2,True,False,False,True,False,True,True,False,False,False,False,False,False,False,False,False,False,False,False,False,False,False,True,False,True,False,False,False,False,0.93169665,1,High
0,21,26.05,565.75,25.71590909090909,0,True,True,True,False,True,False,False,False,False,False,False,False,False,False,False,False,False,False,False,False,False,False,True,False,True,False,True,False,False,0.6447542,0,High
0,5,78.75,426.35,71.05833333333334,2,True,False,False,True,False,False,True,False,False,False,False,False,False,False,False,False,False,False,False,True,False,False,False,False,False,True,False,False,False,0.6806569,0,High
0,1,29.95,29.95,14.975,1,False,False,False,False,True,False,False,False,False,False,False,True,False,False,False,False,False,False,False,False,False,False,False,False,False,False,False,False,False,0.24393618,1,Low
0,1,45.4,45.4,22.7,1,False,False,False,True,False,False,False,False,False,False,False,False,False,False,False,False,False,False,False,False,False,False,True,False,False,True,False,False,False,0.74529815,1,High
1,36,85.25,3132.75,84.66891891891892,3,True,True,False,True,False,True,True,False,False,False,False,False,False,False,False,False,False,False,False,True,False,False,True,True,False,False,False,True,False,0.8107147,1,High
0,64,104.05,6605.55,101.62384615384616,6,True,True,False,True,False,False,True,False,False,True,False,True,False,False,False,True,False,True,False,True,False,True,True,True,False,False,False,False,True,0.035895724,0,Low
1,30,74.85,2181.75,70.37903225806451,5,True,True,False,True,False,True,False,False,False,False,False,False,False,True,False,False,False,True,False,True,False,True,False,False,True,False,False,True,False,0.042658642,0,Low
0,72,19.55,1463.45,20.047260273972604,1,False,True,True,True,False,False,False,True,True,False,True,False,True,False,True,False,True,False,True,False,False,True,False,False,False,False,False,False,True,0.0031110574,0,Low
0,46,20.1,936.85,19.932978723404254,1,True,True,True,True,False,False,False,True,True,False,True,False,True,False,True,False,True,False,True,False,False,True,True,False,False,True,False,True,False,0.005027949,0,Low
0,45,95.2,4285.8,93.16956521739131,4,False,True,False,True,False,False,True,False,False,False,False,False,False,False,False,True,False,True,False,True,False,True,True,True,False,False,False,True,False,0.03822734,0,Low
0,2,20.65,38.7,12.9,1,False,False,False,True,False,False,False,True,True,False,True,False,True,False,True,False,True,False,True,False,False,False,False,False,False,True,False,False,False,0.07606149,1,Low
0,34,55.0,1885.15,53.861428571428576,3,False,False,False,True,False,False,False,False,False,True,False,True,False,False,False,False,False,False,False,False,True,False,False,False,False,True,False,True,False,0.019128636,0,Low
0,54,106.55,5763.3,104.78727272727274,6,False,True,False,True,False,True,True,False,False,True,False,True,False,False,False,False,False,True,False,True,True,False,False,False,False,False,False,False,True,0.109522134,1,Low
0,21,19.95,416.4,18.927272727272726,1,True,False,False,True,False,False,False,True,True,False,True,False,True,False,True,False,True,False,True,False,False,False,True,False,False,True,True,False,False,0.02585567,0,Low
0,65,76.15,4929.55,74.69015151515151,6,True,True,False,True,False,True,False,False,False,True,False,False,False,True,False,True,False,False,False,True,False,True,False,False,False,False,False,False,True,0.037239734,0,Low
0,20,69.8,1540.35,73.35,1,False,True,False,True,False,False,True,False,False,False,False,False,False,False,False,False,False,False,False,False,False,False,True,False,False,False,True,False,False,0.42764956,0,Medium
0,1,79.5,79.5,39.75,2,True,False,False,True,False,False,True,False,False,False,False,False,False,False,False,False,False,True,False,False,False,False,True,False,True,False,False,False,False,0.9863484,1,High
0,42,69.4,3058.3,71.12325581395349,5,True,True,True,True,False,True,False,False,False,True,False,True,False,False,False,False,False,True,False,False,False,False,True,False,False,False,False,True,False,0.02182049,0,Low
0,1,19.4,19.4,9.7,1,True,False,False,True,False,False,False,True,True,False,True,False,True,False,True,False,True,False,True,False,False,False,False,False,False,True,False,False,False,0.2704919,1,Low
0,20,96.55,1901.65,90.5547619047619,5,False,True,False,True,False,False,True,False,False,True,False,True,False,False,False,True,False,True,False,False,False,False,True,False,True,False,True,False,False,0.8152373,0,High
0,11,70.2,760.05,63.3375,1,True,False,False,True,False,False,True,False,False,False,False,False,False,False,False,False,False,False,False,False,False,False,False,False,True,False,False,False,False,0.30801567,0,Medium
0,61,25.3,1554.9,25.07903225806452,2,False,True,False,True,False,True,False,True,True,False,True,False,True,False,True,False,True,False,True,False,False,True,False,False,False,False,False,False,True,0.00233746,0,Low
0,64,25.0,1584.8,24.38153846153846,2,False,True,False,True,False,True,False,True,True,False,True,False,True,False,True,False,True,False,True,False,False,True,False,True,False,False,False,False,True,0.004199848,0,Low
1,25,88.4,2191.15,84.275,4,False,True,False,True,False,False,True,False,False,False,False,True,False,True,False,False,False,False,False,True,False,False,False,False,False,False,False,True,False,0.25461453,0,Low
0,44,50.15,2139.1,47.535555555555554,2,False,False,False,True,False,True,False,False,False,False,False,False,False,False,False,False,False,False,False,False,False,False,True,False,False,True,False,True,False,0.018433573,0,Low
0,5,69.95,330.15,55.025,1,False,True,False,True,False,False,True,False,False,False,False,False,False,False,False,False,False,False,False,False,False,False,False,False,True,False,False,False,False,0.5046593,1,Medium
1,48,29.9,1388.75,28.341836734693878,1,False,True,True,False,True,False,False,False,False,False,False,True,False,False,False,False,False,False,False,False,True,False,False,False,False,False,False,True,False,0.37255433,0,Medium
0,6,74.9,469.8,67.11428571428571,2,True,False,False,True,False,True,True,False,False,False,False,False,False,False,False,False,False,False,False,False,False,False,True,False,True,False,False,False,False,0.87431353,1,High
0,4,50.05,179.35,35.87,2,True,True,False,True,False,False,False,False,False,False,False,False,False,False,False,True,False,False,False,False,False,False,False,False,False,True,False,False,False,0.3439991,1,Medium
0,72,19.95,1322.85,18.121232876712327,1,True,True,True,True,False,False,False,True,True,False,True,False,True,False,True,False,True,False,True,False,False,True,False,False,False,False,False,False,True,0.0048534223,0,Low
0,54,89.4,4869.5,88.53636363636363,4,True,False,False,True,False,True,True,False,False,False,False,False,False,True,False,False,False,False,False,True,False,False,False,True,False,False,False,False,True,0.1763541,0,Low
0,66,67.45,4508.65,67.29328358208954,5,False,True,True,True,False,True,False,False,False,True,False,True,False,True,False,False,False,False,False,False,False,False,True,False,False,False,False,False,True,0.035562266,0,Low
0,3,49.9,130.1,32.525,2,True,False,False,True,False,False,False,False,False,False,False,True,False,False,False,False,False,False,False,False,False,False,True,False,False,True,False,False,False,0.5267686,1,Medium
0,19,65.35,1231.85,61.592499999999994,4,True,False,False,True,False,False,False,False,False,False,False,True,False,False,False,True,False,False,False,True,True,False,True,False,False,False,True,False,False,0.21820863,0,Low
0,61,81.0,4976.15,80.26048387096773,6,True,True,True,True,False,True,False,False,False,False,False,False,False,True,False,True,False,True,False,True,False,True,True,False,False,False,False,False,True,0.056563985,0,Low
0,54,89.8,4667.0,84.85454545454546,4,True,False,False,True,False,False,True,False,False,True,False,False,False,True,False,False,False,True,False,False,False,False,False,False,False,True,False,False,True,0.054716405,0,Low
0,1,49.95,49.95,24.975,2,False,False,False,True,False,False,False,False,False,False,False,True,False,False,False,False,False,False,False,False,False,False,False,False,True,False,False,False,False,0.14498423,0,Low
1,19,79.85,1471.75,73.5875,3,True,False,False,True,False,True,True,False,False,False,False,False,False,True,False,False,False,False,False,False,False,False,True,False,True,False,True,False,False,0.5934252,1,Medium
0,24,19.75,483.15,19.326,1,True,True,False,True,False,False,False,True,True,False,True,False,True,False,True,False,True,False,True,False,False,True,False,False,False,True,True,False,False,0.009125956,0,Low
1,33,105.35,3465.05,101.91323529411765,6,False,False,True,True,False,True,True,False,False,False,False,True,False,True,False,False,False,True,False,True,False,False,True,False,False,False,False,True,False,0.3426259,0,Medium
0,31,83.85,2674.15,83.5671875,3,False,True,False,True,False,False,True,False,False,False,False,True,False,False,False,False,False,False,False,True,False,False,True,False,False,False,False,True,False,0.7352498,0,High
0,59,44.3,2666.75,44.44583333333333,2,True,True,False,False,True,False,False,False,False,False,False,False,False,False,False,False,False,True,False,True,False,False,True,False,True,False,False,False,True,0.7294842,0,High
1,20,91.0,1859.5,88.54761904761905,3,False,True,False,True,False,False,True,False,False,False,False,False,False,False,False,False,False,True,False,True,True,False,True,False,False,False,True,False,False,0.20886399,0,Low
1,60,99.0,6017.9,98.65409836065574,5,True,True,False,True,False,True,True,False,False,False,False,False,False,False,False,True,False,True,False,True,False,False,True,False,True,False,False,False,True,0.4917912,0,Medium
0,18,80.55,1406.65,74.03421052631579,3,True,False,True,True,False,True,True,False,False,False,False,False,False,True,False,False,False,False,False,False,False,False,True,True,False,False,True,False,False,0.15341765,0,Low
0,19,60.6,1297.8,64.89,4,False,False,True,True,False,False,False,False,False,True,False,True,False,True,False,False,False,False,False,False,False,False,True,False,True,False,True,False,False,0.2593481,0,Low
0,24,19.7,452.55,18.102,1,False,True,True,True,False,False,False,True,True,False,True,False,True,False,True,False,True,False,True,False,False,True,False,False,False,True,True,False,False,0.007693273,0,Low
0,9,20.25,172.35,17.235,1,False,True,True,True,False,False,False,True,True,False,True,False,True,False,True,False,True,False,True,False,True,False,False,False,False,True,False,False,False,0.046377987,0,Low
0,33,24.25,838.5,24.66176470588235,2,False,True,True,True,False,True,False,True,True,False,True,False,True,False,True,False,True,False,True,False,False,False,False,False,False,False,False,True,False,0.029595783,0,Low
0,2,19.4,61.05,20.349999999999998,1,False,False,False,True,False,False,False,True,True,False,True,False,True,False,True,False,True,False,True,False,False,False,False,False,False,True,False,False,False,0.2045675,0,Low
0,67,93.15,6368.2,93.64999999999999,5,True,True,False,True,False,True,True,False,False,False,False,True,False,True,False,False,False,False,False,True,False,True,True,False,True,False,False,False,True,0.11195078,0,Low
0,52,49.75,2535.55,47.840566037735854,2,False,False,False,True,False,False,False,False,False,True,False,False,False,False,False,False,False,False,False,False,False,False,True,False,False,False,False,False,True,0.01722033,0,Low
0,5,19.65,92.05,15.341666666666667,1,False,False,False,True,False,False,False,True,True,False,True,False,True,False,True,False,True,False,True,False,False,False,True,True,False,False,False,False,False,0.08757538,0,Low
0,1,19.4,19.4,9.7,1,False,True,True,True,False,False,False,True,True,False,True,False,True,False,True,False,True,False,True,False,False,False,True,False,False,True,False,False,False,0.59521097,0,Medium
0,67,19.8,1311.3,19.283823529411762,1,True,False,False,True,False,False,False,True,True,False,True,False,True,False,True,False,True,False,True,False,False,True,True,False,False,True,False,False,True,0.010630787,0,Low
0,63,99.9,6137.0,95.890625,5,False,False,False,True,False,True,True,False,False,False,False,True,False,False,False,False,False,True,False,True,True,False,False,False,False,False,False,False,True,0.054587156,1,Low
1,2,49.95,107.1,35.699999999999996,2,True,False,False,True,False,False,False,False,False,False,False,False,False,True,False,False,False,False,False,False,False,False,False,False,False,True,False,False,False,0.44471917,0,Medium
1,25,89.05,2177.45,83.74807692307692,4,True,True,False,True,False,True,True,False,False,True,False,False,False,False,False,False,False,False,False,True,True,False,True,False,True,False,False,True,False,0.4653972,1,Medium
0,19,19.95,373.5,18.675,1,True,False,False,True,False,False,False,True,True,False,True,False,True,False,True,False,True,False,True,False,False,True,True,False,False,True,True,False,False,0.007817712,0,Low
0,62,56.15,3487.95,55.364285714285714,3,True,False,True,True,False,False,False,False,False,True,False,True,False,False,False,False,False,False,False,False,True,False,False,False,False,False,False,False,True,0.009992992,0,Low
1,23,34.65,768.45,32.018750000000004,1,True,False,False,False,True,False,False,False,False,False,False,False,False,False,False,False,False,False,False,True,False,False,True,False,False,False,True,False,False,0.50905466,0,Medium
0,70,64.95,4523.25,63.70774647887324,5,True,True,False,True,False,False,False,False,False,True,False,True,False,True,False,True,False,False,False,False,False,True,False,True,False,False,False,False,True,0.022897687,0,Low
0,29,94.2,2607.6,86.92,4,True,False,False,True,False,False,True,False,False,False,False,False,False,False,False,True,False,True,False,True,False,False,True,False,True,False,False,True,False,0.27219397,0,Low
0,32,78.9,2447.95,74.18030303030302,3,True,True,False,True,False,True,True,False,False,False,False,False,False,True,False,False,False,False,False,False,False,False,True,False,True,False,False,True,False,0.5833075,1,Medium
0,31,65.25,1994.3,62.321875,5,False,False,False,True,False,True,False,False,False,True,False,False,False,True,False,True,False,False,False,False,False,False,False,True,False,False,False,True,False,0.051354416,1,Low
0,59,95.8,5655.45,94.2575,4,False,False,False,True,False,False,True,False,False,False,False,False,False,True,False,False,False,True,False,True,False,True,False,False,True,False,False,False,True,0.20372029,0,Low
0,32,64.85,2010.95,60.93787878787879,3,True,False,False,True,False,False,False,False,False,False,False,False,False,False,False,False,False,True,False,True,True,False,True,False,False,False,False,True,False,0.065340534,0,Low
0,17,49.8,836.35,46.46388888888889,3,True,True,False,False,True,False,False,False,False,False,False,True,False,False,False,False,False,True,False,True,False,False,True,False,False,True,True,False,False,0.5917849,0,Medium
0,26,20.9,518.3,19.196296296296296,1,True,False,False,True,False,False,False,True,True,False,True,False,True,False,True,False,True,False,True,False,False,False,False,False,False,True,False,True,False,0.026656942,0,Low
0,12,94.55,1173.55,90.27307692307691,4,True,False,False,True,False,True,True,False,False,False,False,False,False,False,False,False,False,True,False,True,False,False,False,False,True,False,False,False,False,0.75755614,0,High
0,61,98.45,6145.2,99.11612903225806,5,True,True,True,True,False,False,True,False,False,False,False,True,False,False,False,True,False,True,False,True,True,False,True,False,False,False,False,False,True,0.14143921,0,Low
0,71,19.6,1416.5,19.67361111111111,1,False,True,False,True,False,False,False,True,True,False,True,False,True,False,True,False,True,False,True,False,False,True,False,False,False,True,False,False,True,0.005813372,0,Low
0,9,20.45,147.55,14.755,1,False,False,False,True,False,False,False,True,True,False,True,False,True,False,True,False,True,False,True,False,False,False,True,True,False,False,False,False,False,0.031747393,0,Low
1,24,104.25,2433.9,97.35600000000001,6,True,True,False,True,False,True,True,False,False,False,False,True,False,True,False,False,False,True,False,True,False,False,True,False,True,False,True,False,False,0.7277641,1,High
1,7,89.15,574.35,71.79375,3,False,False,False,True,False,False,True,False,False,False,False,False,False,False,False,False,False,True,False,True,False,False,True,False,True,False,False,False,False,0.49279392,0,Medium
0,41,111.15,4507.15,107.31309523809523,7,True,False,True,True,False,False,True,False,False,True,False,True,False,True,False,True,False,True,False,True,False,True,True,False,True,False,False,True,False,0.25239515,0,Low
0,20,90.2,1776.55,84.59761904761905,3,True,True,True,True,False,False,True,False,False,False,False,False,False,False,False,False,False,True,False,True,False,False,True,False,True,False,True,False,False,0.8203747,1,High
0,33,91.25,2964.05,87.1779411764706,3,True,True,False,True,False,False,True,False,False,False,False,False,False,False,False,False,False,True,False,True,False,False,False,False,True,False,False,True,False,0.28386873,0,Low
0,56,81.8,4534.45,79.55175438596491,6,True,False,False,True,False,False,False,False,False,False,False,True,False,True,False,True,False,True,False,True,False,True,True,True,False,False,False,False,True,0.010246523,0,Low
0,1,74.5,74.5,37.25,2,True,True,True,True,False,True,True,False,False,False,False,False,False,False,False,False,False,False,False,False,False,False,True,False,True,False,False,False,False,0.9682703,1,High
0,4,76.05,318.9,63.779999999999994,2,True,False,False,True,False,True,True,False,False,False,False,False,False,False,False,False,False,False,False,False,False,False,True,False,True,False,False,False,False,0.9181635,1,High
0,54,111.1,6014.85,109.3609090909091,7,False,False,False,True,False,True,True,False,False,False,False,True,False,True,False,True,False,True,False,True,False,False,False,False,True,False,False,False,True,0.18737805,1,Low
0,8,68.55,564.35,62.705555555555556,4,False,True,True,True,False,False,False,False,False,False,False,False,False,False,False,True,False,True,False,True,False,False,True,False,True,False,False,False,False,0.25964263,0,Low
0,58,45.0,2689.35,45.582203389830504,2,True,True,False,False,True,False,False,False,False,False,False,False,False,False,False,False,False,True,False,True,True,False,True,True,False,False,False,False,True,0.15918005,0,Low
0,34,100.85,3527.3,100.78,5,True,True,False,True,False,True,True,False,False,False,False,False,False,True,False,False,False,True,False,True,False,False,False,False,True,False,False,True,False,0.45592123,0,Medium
1,2,30.4,78.65,26.21666666666667,1,False,False,False,False,True,False,False,False,False,False,False,False,False,True,False,False,False,False,False,False,False,False,True,False,True,False,False,False,False,0.86646104,1,High
0,25,95.9,2448.75,94.1826923076923,4,True,False,True,True,False,False,True,False,False,False,False,True,False,False,False,False,False,True,False,True,False,False,True,False,True,False,False,True,False,0.5098528,1,Medium
0,68,89.95,5974.3,86.5840579710145,4,False,True,False,True,False,True,True,False,False,False,False,False,False,True,False,False,False,True,False,False,False,True,True,False,False,False,False,False,True,0.06666174,0,Low
0,71,105.15,7555.0,104.93055555555556,6,False,True,False,True,False,True,True,False,False,False,False,True,False,True,False,False,False,True,False,True,False,True,True,False,False,False,False,False,True,0.10191381,0,Low
0,1,59.2,59.2,29.6,3,False,False,True,True,False,False,False,False,False,False,False,False,False,True,False,False,False,False,False,True,False,False,False,False,True,False,False,False,False,0.44213566,1,Medium
0,13,98.15,1230.25,87.875,5,True,False,False,True,False,True,True,False,False,True,False,False,False,False,False,False,False,True,False,True,False,False,False,False,False,True,True,False,False,0.80099136,1,High
0,5,84.5,453.75,75.625,4,True,True,True,True,False,True,True,False,False,True,False,False,False,True,False,False,False,False,False,False,False,False,True,False,True,False,False,False,False,0.89162654,1,High
0,22,20.85,450.65,19.593478260869563,1,False,False,False,True,False,False,False,True,True,False,True,False,True,False,True,False,True,False,True,False,True,False,False,False,False,False,True,False,False,0.017151548,0,Low
0,10,26.1,225.55,20.504545454545454,2,False,True,True,True,False,True,False,True,True,False,True,False,True,False,True,False,True,False,True,False,False,True,False,True,False,False,False,False,False,0.0388322,0,Low
1,55,74.0,4052.4,72.36428571428571,2,True,True,False,True,False,True,True,False,False,False,False,False,False,False,False,False,False,False,False,False,False,False,True,False,True,False,False,False,True,0.51427585,0,Medium
0,27,20.55,583.3,20.832142857142856,1,False,True,True,True,False,False,False,True,True,False,True,False,True,False,True,False,True,False,True,False,True,False,True,False,False,True,False,True,False,0.020800333,0,Low
0,10,18.85,163.2,14.836363636363636,1,False,False,False,True,False,False,False,True,True,False,True,False,True,False,True,False,True,False,True,False,False,False,False,False,False,True,False,False,False,0.019329866,0,Low
0,23,20.85,473.9,19.745833333333334,1,True,False,False,True,False,False,False,True,True,False,True,False,True,False,True,False,True,False,True,False,False,False,False,False,True,False,True,False,False,0.035884235,0,Low
0,70,84.1,5979.7,84.22112676056338,7,True,True,True,True,False,True,False,False,False,False,False,True,False,True,False,True,False,True,False,True,False,True,True,False,True,False,False,False,True,0.03253294,0,Low
0,5,46.0,221.7,36.949999999999996,1,False,False,True,True,False,False,False,False,False,False,False,False,False,False,False,False,False,False,False,False,False,False,False,False,False,True,False,False,False,0.2736615,1,Low
0,24,19.55,470.2,18.808,1,False,False,False,True,False,False,False,True,True,False,True,False,True,False,True,False,True,False,True,False,False,True,True,False,False,False,True,False,False,0.010379896,0,Low
0,8,20.2,140.95,15.66111111111111,1,False,False,False,True,False,False,False,True,True,False,True,False,True,False,True,False,True,False,True,False,True,False,True,False,False,False,False,False,False,0.051445752,0,Low
0,19,88.8,1672.35,83.61749999999999,5,True,True,False,True,False,True,True,False,False,True,False,True,False,False,False,True,False,False,False,False,False,False,True,True,False,False,True,False,False,0.17883652,0,Low
1,43,100.55,4304.0,97.81818181818181,5,True,True,False,True,False,False,True,False,False,False,False,True,False,True,False,False,False,True,False,True,True,False,True,False,False,False,False,True,False,0.17263244,0,Low
1,67,101.4,6841.05,100.60367647058824,5,True,False,False,True,False,True,True,False,False,False,False,False,False,True,False,False,False,True,False,True,False,False,True,True,False,False,False,False,True,0.6079297,0,High
0,4,55.3,238.5,47.7,2,True,False,False,True,False,False,False,False,False,False,False,False,False,False,False,False,False,False,False,True,False,False,True,False,False,True,False,False,False,0.34117088,0,Medium
0,59,113.75,6561.25,109.35416666666667,8,True,True,False,True,False,True,True,False,False,True,False,True,False,True,False,True,False,True,False,True,False,True,False,False,True,False,False,False,True,0.14245555,0,Low
0,72,25.4,1710.9,23.436986301369863,2,True,True,False,True,False,True,False,True,True,False,True,False,True,False,True,False,True,False,True,False,False,True,False,False,False,True,False,False,True,0.0029935262,0,Low
0,19,20.0,377.55,18.8775,1,True,False,True,True,False,False,False,True,True,False,True,False,True,False,True,False,True,False,True,False,False,False,True,False,True,False,True,False,False,0.26180086,0,Low
0,1,73.5,73.5,36.75,2,False,False,False,True,False,False,True,False,False,False,False,False,False,True,False,False,False,False,False,False,False,False,False,False,False,False,False,False,False,0.45606485,1,Medium
0,30,51.2,1561.5,50.37096774193548,3,False,True,True,False,True,False,False,False,False,False,False,False,False,False,False,True,False,True,False,True,False,False,False,True,False,False,False,True,False,0.02822549,1,Low
0,2,74.4,139.4,46.46666666666667,2,False,True,False,True,False,False,True,False,False,True,False,False,False,False,False,False,False,False,False,False,False,False,True,False,True,False,False,False,False,0.6099274,1,High
0,60,65.85,3928.3,64.3983606557377,5,True,True,True,True,False,False,False,False,False,True,False,True,False,True,False,True,False,False,False,False,True,False,True,False,False,False,False,False,True,0.011054834,0,Low
0,44,111.5,4915.15,109.22555555555554,7,True,False,False,True,False,True,True,False,False,True,False,True,False,True,False,False,False,True,False,True,False,False,True,False,True,False,False,True,False,0.27892706,0,Low
0,1,48.6,48.6,24.3,2,False,False,False,True,False,False,False,False,False,False,False,True,False,False,False,False,False,False,False,False,False,False,True,False,True,False,False,False,False,0.55481863,0,Medium
0,3,29.9,92.25,23.0625,1,True,True,False,False,True,False,False,False,False,False,False,False,False,False,False,True,False,False,False,False,False,False,True,False,True,False,False,False,False,0.75318307,0,High
1,71,24.85,1901.0,26.40277777777778,2,True,True,False,True,False,True,False,True,True,False,True,False,True,False,True,False,True,False,True,False,False,True,False,False,False,False,False,False,True,0.0031957913,0,Low
0,2,49.2,103.7,34.56666666666667,2,False,False,False,True,False,False,False,False,False,False,False,True,False,False,False,False,False,False,False,False,False,False,False,False,False,True,False,False,False,0.21189974,0,Low
0,1,25.85,25.85,12.925,0,False,False,False,False,True,False,False,False,False,False,False,False,False,False,False,False,False,False,False,False,True,False,False,False,False,True,False,False,False,0.20523794,0,Low
0,72,115.5,8425.15,115.41301369863014,8,False,True,True,True,False,True,True,False,False,True,False,True,False,True,False,True,False,True,False,True,False,True,True,False,True,False,False,False,True,0.019978018,0,Low
0,6,85.95,514.6,73.51428571428572,3,False,False,False,True,False,False,True,False,False,False,False,True,False,False,False,False,False,False,False,True,False,False,True,False,False,True,False,False,False,0.6371319,0,High
0,1,85.55,85.55,42.775,3,False,False,False,True,False,False,True,False,False,False,False,False,False,True,False,False,False,True,False,False,False,False,True,True,False,False,False,False,False,0.85343385,1,High
1,20,89.95,1648.45,78.49761904761905,3,True,False,False,True,False,False,True,False,False,False,False,False,False,False,False,False,False,True,False,True,False,False,False,False,True,False,True,False,False,0.37081993,0,Medium
0,1,88.35,88.35,44.175,3,True,False,False,True,False,False,True,False,False,False,False,False,False,False,False,False,False,True,False,True,False,False,True,False,True,False,False,False,False,0.9110302,1,High
0,12,20.05,265.45,20.41923076923077,1,True,False,False,True,False,False,False,True,True,False,True,False,True,False,True,False,True,False,True,False,False,False,False,True,False,False,False,False,False,0.13498814,0,Low
0,9,24.95,190.25,19.025,0,True,False,False,False,True,False,False,False,False,False,False,False,False,False,False,False,False,False,False,False,False,False,True,False,True,False,False,False,False,0.56780905,0,Medium
0,12,20.1,223.6,17.2,1,False,False,False,True,False,False,False,True,True,False,True,False,True,False,True,False,True,False,True,False,False,False,False,False,False,True,False,False,False,0.119143635,0,Low
0,1,49.9,49.9,24.95,2,False,False,False,True,False,False,False,False,False,False,False,False,False,False,False,True,False,False,False,False,False,False,True,False,True,False,False,False,False,0.34020838,0,Medium
0,17,19.65,351.55,19.530555555555555,1,True,False,False,True,False,False,False,True,True,False,True,False,True,False,True,False,True,False,True,False,True,False,True,False,False,False,True,False,False,0.042572066,0,Low
0,12,79.55,958.25,73.71153846153847,3,False,False,False,True,False,True,True,False,False,False,False,False,False,False,False,True,False,False,False,False,False,False,True,True,False,False,False,False,False,0.4687895,0,Medium
0,12,106.7,1253.9,96.45384615384616,6,True,False,False,True,False,True,True,False,False,False,False,True,False,True,False,False,False,True,False,True,False,False,True,False,True,False,False,False,False,0.7556174,1,High
0,15,55.7,899.8,56.2375,3,False,False,False,True,False,True,False,False,False,True,False,False,False,False,False,False,False,False,False,False,False,False,True,False,False,True,True,False,False,0.27155048,1,Low
0,71,99.0,6994.6,97.14722222222223,6,True,True,False,True,False,True,True,False,False,True,False,True,False,True,False,False,False,True,False,False,False,True,True,False,True,False,False,False,True,0.08085547,0,Low
0,30,85.0,2624.25,84.65322580645162,3,False,True,False,True,False,True,True,False,False,False,False,False,False,False,False,False,False,False,False,True,False,False,True,False,True,False,False,True,False,0.6701664,1,High
0,33,20.15,682.15,20.063235294117646,1,True,False,True,True,False,False,False,True,True,False,True,False,True,False,True,False,True,False,True,False,True,False,True,False,False,True,False,True,False,0.01614832,0,Low
0,1,19.9,19.9,9.95,1,False,False,False,True,False,False,False,True,True,False,True,False,True,False,True,False,True,False,True,False,False,False,False,False,False,True,False,False,False,0.5998875,0,Medium
0,62,70.45,4300.45,68.2611111111111,4,False,True,True,True,False,True,False,False,False,False,False,False,False,False,False,False,False,True,False,True,False,False,True,True,False,False,False,False,True,0.05637212,0,Low
0,72,116.8,8456.75,115.8458904109589,8,False,True,True,True,False,True,True,False,False,True,False,True,False,True,False,True,False,True,False,True,False,True,True,True,False,False,False,False,True,0.010023412,0,Low
0,30,66.3,1923.5,62.04838709677419,4,False,True,True,True,False,False,False,False,False,True,False,False,False,False,False,True,False,False,False,True,False,False,False,False,False,False,False,True,False,0.021773187,0,Low
0,3,20.55,57.4,14.35,1,False,False,True,True,False,False,False,True,True,False,True,False,True,False,True,False,True,False,True,False,True,False,True,True,False,False,False,False,False,0.13547346,0,Low
0,28,90.45,2509.25,86.52586206896552,4,False,True,True,True,False,True,True,False,False,False,False,False,False,False,False,True,False,False,False,True,True,False,True,False,True,False,False,True,False,0.42253807,0,Medium
0,30,94.3,2679.7,86.44193548387096,5,True,False,False,True,False,True,True,False,False,True,False,True,False,False,False,False,False,False,False,True,False,False,True,True,False,False,False,True,False,0.510119,0,Medium
0,12,19.0,233.55,17.965384615384615,1,False,True,True,True,False,False,False,True,True,False,True,False,True,False,True,False,True,False,True,False,False,False,False,False,False,True,False,False,False,0.030896405,1,Low
0,51,24.6,1266.4,24.353846153846156,2,True,False,False,True,False,True,False,True,True,False,True,False,True,False,True,False,True,False,True,False,True,False,True,False,False,False,False,False,True,0.020669866,0,Low
0,15,45.9,693.45,43.340625,4,False,False,False,False,True,False,False,False,False,True,False,True,False,True,False,True,False,False,False,False,True,False,False,False,False,True,True,False,False,0.03362445,0,Low
0,72,25.1,1790.8,24.53150684931507,2,True,True,True,True,False,True,False,True,True,False,True,False,True,False,True,False,True,False,True,False,False,True,True,True,False,False,False,False,True,0.00402188,0,Low
0,32,108.15,3432.9,104.02727272727273,7,True,False,False,True,False,True,True,False,False,True,False,True,False,False,False,True,False,True,False,True,False,False,True,True,False,False,False,True,False,0.16144846,1,Low
1,6,74.1,450.9,64.41428571428571,2,False,False,False,True,False,False,True,False,False,True,False,False,False,False,False,False,False,False,False,False,False,False,True,False,True,False,False,False,False,0.5761857,0,Medium
0,63,70.8,4448.8,69.5125,5,True,True,False,True,False,False,False,False,False,True,False,True,False,False,False,True,False,True,False,False,True,False,False,True,False,False,False,False,True,0.019588117,0,Low
1,11,95.15,997.65,83.1375,4,False,False,False,True,False,True,True,False,False,False,False,False,False,False,False,False,False,True,False,True,False,False,True,False,False,False,False,False,False,0.91416717,1,High
0,19,61.55,1093.2,54.660000000000004,3,True,False,False,True,False,False,False,False,False,False,False,False,False,False,False,True,False,True,False,False,False,False,True,True,False,False,True,False,False,0.40112603,0,Medium
0,64,73.05,4688.65,72.13307692307691,5,True,True,True,True,False,False,False,False,False,True,False,False,False,True,False,False,False,True,False,True,True,False,True,True,False,False,False,False,True,0.04723323,0,Low
0,7,69.45,477.05,59.63125,5,False,True,True,True,False,False,False,False,False,True,False,True,False,True,False,False,False,True,False,False,True,False,False,False,True,False,False,False,False,0.07393544,0,Low
1,4,20.05,91.45,18.29,1,False,False,False,True,False,False,False,True,True,False,True,False,True,False,True,False,True,False,True,False,False,False,False,False,False,True,False,False,False,0.28758577,0,Low
0,7,19.95,147.5,18.4375,1,True,False,False,True,False,False,False,True,True,False,True,False,True,False,True,False,True,False,True,False,False,False,True,False,False,True,False,False,False,0.1690252,0,Low
0,4,90.4,356.65,71.33,4,True,False,False,True,False,False,True,False,False,False,False,False,False,True,False,True,False,False,False,True,False,False,True,False,True,False,False,False,False,0.64783496,0,High
0,3,74.55,233.65,58.4125,2,False,False,False,True,False,False,True,False,False,True,False,False,False,False,False,False,False,False,False,False,False,False,True,False,True,False,False,False,False,0.42309123,0,Medium
1,65,53.5,3517.9,53.301515151515154,4,False,False,False,False,True,False,False,False,False,False,False,True,False,True,False,False,False,True,False,True,False,True,True,False,False,False,False,False,True,0.05476007,0,Low
0,42,63.7,2763.35,64.2639534883721,4,True,True,True,True,False,False,False,False,False,True,False,False,False,False,False,True,False,False,False,True,True,False,False,True,False,False,False,True,False,0.13346691,0,Low
0,26,75.0,1908.35,70.67962962962963,5,True,False,False,True,False,False,False,False,False,True,False,False,False,False,False,True,False,True,False,True,True,False,False,False,False,False,False,True,False,0.015702272,0,Low
0,48,25.05,1171.5,23.908163265306122,2,False,False,False,True,False,True,False,True,True,False,True,False,True,False,True,False,True,False,True,False,True,False,False,True,False,False,False,True,False,0.047295574,0,Low
0,69,99.35,6856.45,97.94928571428571,5,True,True,True,True,False,True,True,False,False,False,False,False,False,False,False,True,False,True,False,True,False,True,True,False,True,False,False,False,True,0.2284013,0,Low
0,17,44.45,792.15,44.00833333333333,3,True,True,True,False,True,False,False,False,False,True,False,False,False,True,False,False,False,True,False,False,True,False,False,True,False,False,True,False,False,0.034603152,0,Low
0,1,21.0,21.0,10.5,1,False,True,True,True,False,False,False,True,True,False,True,False,True,False,True,False,True,False,True,False,False,False,True,False,True,False,False,False,False,0.42684478,1,Medium
0,4,76.65,333.6,66.72,2,False,False,False,True,False,False,True,False,False,False,False,True,False,False,False,False,False,False,False,False,False,False,True,False,False,False,False,False,False,0.6478512,1,High
1,34,96.35,3190.25,91.15,5,False,False,False,True,False,True,True,False,False,False,False,True,False,False,False,True,False,True,False,False,False,False,True,False,True,False,False,True,False,0.5077181,0,Medium
0,2,70.35,139.25,46.416666666666664,1,False,False,False,True,False,False,True,False,False,False,False,False,False,False,False,False,False,False,False,False,False,False,False,False,True,False,False,False,False,0.77392024,0,High
0,1,50.45,50.45,25.225,2,False,True,True,True,False,False,False,False,False,False,False,False,False,True,False,False,False,False,False,False,False,False,False,False,False,True,False,False,False,0.85618556,1,High
0,12,20.3,246.7,18.976923076923075,1,False,False,False,True,False,False,False,True,True,False,True,False,True,False,True,False,True,False,True,False,False,False,False,False,False,True,False,False,False,0.03823202,0,Low
0,38,69.5,2625.25,67.31410256410257,1,True,False,False,True,False,False,True,False,False,False,False,False,False,False,False,False,False,False,False,False,False,False,True,True,False,False,False,True,False,0.46118367,0,Medium
0,31,80.55,2471.6,77.2375,6,False,True,True,True,False,True,False,False,False,False,False,True,False,False,False,True,False,True,False,True,False,True,False,False,False,False,False,True,False,0.014679054,0,Low
0,67,108.75,7156.2,105.23823529411764,7,False,True,True,True,False,True,True,False,False,True,False,False,False,True,False,True,False,True,False,True,False,True,True,True,False,False,False,False,True,0.16386034,1,Low
0,22,88.75,1885.15,81.96304347826087,4,True,True,True,True,False,True,True,False,False,False,False,False,False,True,False,False,False,True,False,False,False,False,True,False,True,False,True,False,False,0.7894109,0,High
0,63,81.2,4965.1,77.5796875,3,False,True,False,True,False,True,True,False,False,False,False,False,False,False,False,True,False,False,False,False,True,False,True,True,False,False,False,False,True,0.014075328,0,Low
0,70,79.6,5589.45,78.72464788732394,6,False,False,False,True,False,False,False,False,False,True,False,False,False,True,False,True,False,True,False,True,False,True,False,False,False,False,False,False,True,0.004008349,0,Low
0,1,20.45,20.45,10.225,1,True,False,False,True,False,False,False,True,True,False,True,False,True,False,True,False,True,False,True,False,False,False,False,False,False,True,False,False,False,0.5212299,0,Medium
0,49,100.45,4941.8,98.836,5,False,True,True,True,False,True,True,False,False,False,False,True,False,False,False,False,False,True,False,True,True,False,False,False,False,True,False,False,True,0.1713609,1,Low
1,71,89.45,6435.25,89.37847222222223,4,False,True,False,True,False,False,True,False,False,False,False,True,False,True,False,False,False,False,False,True,False,True,False,True,False,False,False,False,True,0.03676943,0,Low
0,23,66.25,1533.8,63.90833333333333,5,False,True,True,True,False,False,False,False,False,True,False,True,False,True,False,True,False,False,False,False,True,False,True,False,False,True,True,False,False,0.086025536,0,Low
0,72,90.8,6397.6,87.63835616438357,8,True,True,True,True,False,True,False,False,False,True,False,True,False,True,False,True,False,True,False,True,False,True,True,True,False,False,False,False,True,0.0013421803,0,Low
0,72,71.45,5025.85,68.84726027397261,5,False,True,True,True,False,True,False,False,False,True,False,False,False,True,False,False,False,True,False,False,False,True,True,False,False,False,False,False,True,0.0062389527,0,Low
0,2,69.75,144.55,48.18333333333334,1,False,False,False,True,False,False,True,False,False,False,False,False,False,False,False,False,False,False,False,False,False,False,False,False,False,False,False,False,False,0.5226743,1,Medium
0,42,59.65,2536.55,58.989534883720935,4,False,False,False,True,False,False,False,False,False,True,False,True,False,True,False,False,False,False,False,False,False,False,False,False,False,False,False,True,False,0.105784684,0,Low
0,47,19.75,948.9,19.76875,1,False,True,True,True,False,False,False,True,True,False,True,False,True,False,True,False,True,False,True,False,False,True,False,False,False,True,False,True,False,0.008442692,0,Low
0,29,19.85,535.05,17.834999999999997,1,True,False,True,True,False,False,False,True,True,False,True,False,True,False,True,False,True,False,True,False,True,False,False,False,False,True,False,True,False,0.0037365737,0,Low
0,72,63.8,4684.3,64.16849315068494,6,False,True,True,False,True,False,False,False,False,True,False,True,False,True,False,True,False,True,False,True,False,True,True,False,False,False,False,False,True,0.003445426,0,Low
0,1,69.55,69.55,34.775,1,True,False,False,True,False,False,True,False,False,False,False,False,False,False,False,False,False,False,False,False,False,False,True,False,True,False,False,False,False,0.9867845,1,High
0,40,51.1,2092.9,51.046341463414635,2,True,False,False,True,False,False,False,False,False,False,False,False,False,False,False,True,False,False,False,False,False,False,True,False,True,False,False,True,False,0.04310031,0,Low
0,1,62.05,62.05,31.025,4,True,False,False,True,False,True,False,False,False,False,False,False,False,True,False,True,False,False,False,False,False,False,False,False,False,True,False,False,False,0.5941419,1,Medium
1,1,85.0,85.0,42.5,3,False,False,False,True,False,False,True,False,False,False,False,False,False,True,False,False,False,False,False,True,False,False,True,False,True,False,False,False,False,0.9306985,1,High
0,70,98.3,6859.5,96.61267605633803,5,True,True,True,True,False,True,True,False,False,False,False,True,False,False,False,False,False,True,False,True,False,True,False,False,False,False,False,False,True,0.018702408,1,Low
0,49,19.9,1022.6,20.452,1,True,False,False,True,False,False,False,True,True,False,True,False,True,False,True,False,True,False,True,False,False,True,True,True,False,False,False,False,True,0.006190273,0,Low
0,17,76.65,1313.55,72.975,2,True,False,False,True,False,False,True,False,False,False,False,False,False,True,False,False,False,False,False,False,False,False,True,False,True,False,True,False,False,0.28570217,1,Low
0,33,66.4,2245.4,66.04117647058824,4,True,False,False,True,False,False,False,False,False,False,False,True,False,True,False,False,False,True,False,False,False,False,True,True,False,False,False,True,False,0.121799946,0,Low
1,17,100.45,1622.45,90.13611111111112,5,True,True,False,True,False,True,True,False,False,False,False,False,False,True,False,False,False,True,False,True,False,False,True,True,False,False,True,False,False,0.6909241,1,High
0,21,75.9,1549.75,70.44318181818181,5,True,True,True,True,False,True,False,False,False,True,False,False,False,False,False,False,False,True,False,True,True,False,True,False,False,False,True,False,False,0.09184343,0,Low
0,35,85.95,3110.1,86.39166666666667,7,False,False,False,True,False,True,False,False,False,True,False,False,False,True,False,True,False,True,False,True,True,False,True,True,False,False,False,True,False,0.050882284,1,Low
0,12,60.65,743.3,57.176923076923075,5,False,False,False,False,True,False,False,False,False,False,False,True,False,True,False,True,False,True,False,True,True,False,False,False,True,False,False,False,False,0.06526789,0,Low
0,9,50.85,466.6,46.660000000000004,2,False,True,False,True,False,False,False,False,False,False,False,True,False,False,False,False,False,False,False,False,False,False,False,False,False,True,False,False,False,0.09989794,0,Low
0,72,24.45,1709.1,23.412328767123288,2,False,True,True,True,False,True,False,True,True,False,True,False,True,False,True,False,True,False,True,False,False,True,False,False,False,False,False,False,True,0.0024317964,0,Low
1,18,59.1,1011.05,53.21315789473684,3,True,True,False,True,False,False,False,False,False,True,False,False,False,False,False,False,False,False,False,True,False,False,True,True,False,False,True,False,False,0.22948411,0,Low
0,58,109.1,6393.65,108.36694915254236,7,False,True,False,True,False,True,True,False,False,True,False,True,False,False,False,True,False,True,False,True,False,True,True,True,False,False,False,False,True,0.3162378,0,Medium
1,30,101.3,2974.5,95.95161290322581,5,False,False,True,True,False,True,True,False,False,False,False,False,False,False,False,True,False,True,False,True,False,False,True,False,True,False,False,True,False,0.4086935,0,Medium
0,56,115.85,6567.9,115.22631578947367,8,True,True,True,True,False,True,True,False,False,True,False,True,False,True,False,True,False,True,False,True,False,True,False,False,False,True,False,False,True,0.06490167,0,Low
0,10,94.9,1048.85,95.35,4,True,False,False,True,False,False,True,False,False,False,False,False,False,True,False,False,False,True,False,True,False,False,True,False,True,False,False,False,False,0.7015046,1,High
0,2,35.1,68.75,22.916666666666668,1,False,True,False,False,True,False,False,False,False,False,False,False,False,False,False,False,False,False,False,True,False,False,True,False,True,False,False,False,False,0.93373793,1,High
0,18,24.65,471.35,24.807894736842105,2,False,True,True,True,False,True,False,True,True,False,True,False,True,False,True,False,True,False,True,False,False,True,True,True,False,False,True,False,False,0.053007472,0,Low
0,51,56.15,2898.95,55.74903846153846,4,False,True,True,False,True,False,False,False,False,False,False,False,False,True,False,True,False,True,False,True,True,False,True,False,True,False,False,False,True,0.19589296,0,Low
0,60,109.45,6572.85,107.7516393442623,7,True,True,False,True,False,True,True,False,False,True,False,False,False,True,False,True,False,True,False,True,False,False,True,False,False,False,False,False,True,0.12203411,0,Low
0,24,55.15,1319.85,52.794,3,False,True,True,True,False,False,False,False,False,True,False,False,False,False,False,True,False,False,False,False,False,False,False,False,True,False,True,False,False,0.12764826,0,Low
0,70,115.65,7968.85,112.23732394366198,8,True,True,False,True,False,True,True,False,False,True,False,True,False,True,False,True,False,True,False,True,True,False,False,True,False,False,False,False,True,0.35353577,1,Medium
0,12,53.75,648.65,49.896153846153844,3,True,False,False,True,False,False,False,False,False,False,False,True,False,False,False,True,False,False,False,False,False,False,True,False,False,True,False,False,False,0.20192684,0,Low
0,25,61.6,1611.0,61.96153846153846,4,True,True,True,True,False,False,False,False,False,True,False,True,False,True,False,False,False,False,False,False,True,False,True,False,False,False,False,True,False,0.18641552,0,Low
0,36,20.35,695.85,18.80675675675676,1,True,False,False,True,False,False,False,True,True,False,True,False,True,False,True,False,True,False,True,False,True,False,True,True,False,False,False,True,False,0.004886231,0,Low
0,11,90.6,1020.2,85.01666666666667,3,True,True,True,True,False,False,True,False,False,False,False,False,False,False,False,False,False,True,False,True,False,False,False,False,True,False,False,False,False,0.6129204,0,High
0,7,89.75,608.8,76.1,4,True,True,True,True,False,False,True,False,False,False,False,True,False,False,False,True,False,True,False,False,False,False,True,False,True,False,False,False,False,0.8599899,1,High
1,26,98.1,2510.7,92.98888888888888,5,False,True,False,True,False,True,True,False,False,False,False,False,False,True,False,False,False,True,False,True,False,False,True,False,False,False,False,True,False,0.7795665,0,High
0,41,74.25,3089.1,73.55,2,True,False,False,True,False,False,True,False,False,False,False,False,False,False,False,True,False,False,False,False,False,False,True,False,True,False,False,True,False,0.53046083,0,Medium
1,57,55.0,3094.05,53.345689655172414,4,False,False,False,False,True,False,False,False,False,False,False,True,False,True,False,False,False,True,False,True,False,False,True,False,True,False,False,False,True,0.38101423,0,Medium
0,28,90.1,2598.95,89.61896551724138,3,False,True,True,True,False,False,True,False,False,False,False,False,False,False,False,False,False,True,False,True,True,False,True,False,False,False,False,True,False,0.20480353,1,Low
0,10,64.9,685.55,62.32272727272727,4,False,False,False,True,False,False,False,False,False,False,False,True,False,False,False,True,False,False,False,True,True,False,False,False,False,True,False,False,False,0.06987046,0,Low
0,41,56.3,2364.0,56.285714285714285,3,False,False,False,True,False,True,False,False,False,False,False,True,False,False,False,False,False,False,False,False,True,False,True,True,False,False,False,True,False,0.14957565,0,Low
0,22,89.05,1886.25,82.01086956521739,4,False,False,False,True,False,False,True,False,False,True,False,False,False,False,False,True,False,False,False,True,False,False,True,False,True,False,True,False,False,0.084413655,0,Low
0,57,112.95,6465.0,111.46551724137932,7,False,False,False,True,False,True,True,False,False,True,False,True,False,True,False,False,False,True,False,True,False,True,True,False,False,False,False,False,True,0.08690243,1,Low
0,13,19.45,270.2,19.3,1,True,False,False,True,False,False,False,True,True,False,True,False,True,False,True,False,True,False,True,False,True,False,False,False,False,True,True,False,False,0.012205075,0,Low
0,61,100.7,6018.65,97.07499999999999,6,False,True,True,True,False,True,True,False,False,True,False,True,False,True,False,False,False,False,False,True,True,False,True,True,False,False,False,False,True,0.24004652,0,Low
0,1,20.05,20.05,10.025,1,False,True,True,True,False,False,False,True,True,False,True,False,True,False,True,False,True,False,True,False,False,False,False,False,False,True,False,False,False,0.5710451,0,Medium
0,18,19.35,309.25,16.276315789473685,1,False,True,True,True,False,False,False,True,True,False,True,False,True,False,True,False,True,False,True,False,False,True,False,False,False,True,True,False,False,0.0056280256,0,Low
0,6,87.95,522.35,74.62142857142858,4,True,False,False,True,False,True,True,False,False,False,False,False,False,False,False,True,False,False,False,True,False,False,True,False,False,False,False,False,False,0.7242083,0,High
0,7,59.5,415.95,51.99375,3,False,False,False,True,False,False,False,False,False,False,False,False,False,False,False,True,False,True,False,False,False,False,True,False,False,True,False,False,False,0.21624246,1,Low
0,9,55.3,501.2,50.12,3,False,True,True,True,False,True,False,False,False,False,False,True,False,False,False,False,False,False,False,False,False,False,True,False,False,True,False,False,False,0.06691138,0,Low
1,1,49.25,49.25,24.625,2,True,True,True,True,False,False,False,False,False,False,False,False,False,False,False,True,False,False,False,False,False,False,True,True,False,False,False,False,False,0.54800546,1,Medium
0,9,80.8,713.1,71.31,2,True,False,False,True,False,False,True,False,False,False,False,False,False,False,False,False,False,False,False,True,False,False,True,False,True,False,False,False,False,0.6218368,1,High
0,49,20.45,900.9,18.018,1,False,True,False,True,False,False,False,True,True,False,True,False,True,False,True,False,True,False,True,False,True,False,False,False,False,False,False,False,True,0.006509091,0,Low
0,15,99.1,1426.4,89.15,5,False,False,False,True,False,False,True,False,False,True,False,True,False,False,False,False,False,True,False,True,False,False,True,True,False,False,True,False,False,0.6963582,1,High
0,30,19.55,608.5,19.629032258064516,1,False,True,True,True,False,False,False,True,True,False,True,False,True,False,True,False,True,False,True,False,True,False,False,False,False,False,False,True,False,0.010396151,0,Low
1,70,75.65,5411.4,76.2169014084507,2,False,True,False,True,False,True,True,False,False,False,False,False,False,False,False,False,False,False,False,False,False,True,True,True,False,False,False,False,True,0.0704198,0,Low
0,25,105.5,2686.05,103.3096153846154,6,True,False,False,True,False,False,True,False,False,True,False,False,False,True,False,True,False,True,False,True,False,False,True,False,True,False,False,True,False,0.6526604,0,High
0,49,35.8,1782.0,35.64,2,False,True,True,False,True,False,False,False,False,True,False,False,False,False,False,True,False,False,False,False,True,False,True,True,False,False,False,False,True,0.009847955,0,Low
0,18,25.15,476.8,25.094736842105263,0,True,False,False,False,True,False,False,False,False,False,False,False,False,False,False,False,False,False,False,False,False,False,False,False,False,True,True,False,False,0.07075189,0,Low
0,25,19.2,532.1,20.465384615384615,1,False,False,False,True,False,False,False,True,True,False,True,False,True,False,True,False,True,False,True,False,False,False,True,True,False,False,False,True,False,0.024544496,0,Low
0,23,40.1,857.75,35.739583333333336,3,True,False,True,False,True,False,False,False,False,True,False,False,False,True,False,True,False,False,False,False,False,True,False,False,False,True,True,False,False,0.022838715,0,Low
0,67,103.15,6895.5,101.40441176470588,6,True,True,True,True,False,False,True,False,False,False,False,True,False,True,False,True,False,True,False,True,False,True,False,False,False,False,False,False,True,0.023157882,0,Low
0,35,20.5,759.35,21.093055555555555,1,True,True,True,True,False,False,False,True,True,False,True,False,True,False,True,False,True,False,True,False,False,True,False,False,False,False,False,True,False,0.002753475,0,Low
0,1,45.85,45.85,22.925,1,True,False,False,True,False,False,False,False,False,False,False,False,False,False,False,False,False,False,False,False,False,False,True,False,False,True,False,False,False,0.8465122,1,High
0,72,114.45,8375.05,114.7267123287671,8,True,True,False,True,False,True,True,False,False,True,False,True,False,True,False,True,False,True,False,True,False,True,False,True,False,False,False,False,True,0.00629648,0,Low
0,1,20.7,20.7,10.35,1,False,False,False,True,False,False,False,True,True,False,True,False,True,False,True,False,True,False,True,False,False,False,False,False,True,False,False,False,False,0.18989575,0,Low
1,60,80.95,4859.1,79.65737704918034,3,True,True,True,True,False,True,True,False,False,True,False,False,False,False,False,False,False,False,False,False,False,False,True,False,True,False,False,False,True,0.1326002,0,Low
0,7,59.1,369.25,46.15625,3,False,False,False,True,False,False,False,False,False,True,False,False,False,False,False,False,False,False,False,True,True,False,True,False,True,False,False,False,False,0.1703413,0,Low
0,64,19.55,1240.15,19.079230769230772,1,True,False,False,True,False,False,False,True,True,False,True,False,True,False,True,False,True,False,True,False,False,True,False,False,False,True,False,False,True,0.044892035,0,Low
0,15,48.85,736.8,46.05,2,False,False,False,True,False,False,False,False,False,False,False,True,False,False,False,False,False,False,False,False,False,False,False,False,True,False,True,False,False,0.19858095,0,Low
0,2,19.85,35.9,11.966666666666667,1,True,True,True,True,False,False,False,True,True,False,True,False,True,False,True,False,True,False,True,False,True,False,False,False,False,True,False,False,False,0.03700469,1,Low
0,13,78.75,995.35,71.09642857142858,6,False,False,False,True,False,True,False,False,False,True,False,False,False,True,False,False,False,True,False,True,False,False,True,False,True,False,True,False,False,0.31332064,0,Medium
0,26,98.35,2515.3,93.15925925925927,5,True,False,False,True,False,True,True,False,False,False,False,False,False,True,False,False,False,True,False,True,False,False,True,False,True,False,False,True,False,0.91481215,1,High
0,52,35.45,1958.95,36.96132075471698,2,False,True,False,False,True,False,False,False,False,True,False,False,False,True,False,False,False,False,False,False,True,False,False,False,False,True,False,False,True,0.021298204,0,Low
0,1,20.2,20.2,10.1,1,True,False,False,True,False,False,False,True,True,False,True,False,True,False,True,False,True,False,True,False,False,False,True,False,False,False,False,False,False,0.34167945,1,Medium
1,15,89.85,1424.95,89.059375,4,False,False,False,True,False,True,True,False,False,False,False,True,False,False,False,False,False,False,False,True,False,False,False,False,True,False,True,False,False,0.41714412,1,Medium
0,2,74.9,147.15,49.050000000000004,2,False,False,False,True,False,True,True,False,False,False,False,False,False,False,False,False,False,False,False,False,False,False,False,True,False,False,False,False,False,0.44002628,1,Medium
0,31,91.15,2995.45,93.6078125,4,False,True,True,True,False,True,True,False,False,False,False,True,False,False,False,False,False,False,False,True,False,False,True,False,True,False,False,True,False,0.45761454,1,Medium
0,26,75.5,2018.1,74.74444444444444,2,True,False,False,True,False,False,True,False,False,False,False,True,False,False,False,False,False,False,False,False,True,False,False,False,False,False,False,True,False,0.034035165,0,Low
0,10,29.75,301.9,27.44545454545454,1,False,False,False,False,True,False,False,False,False,True,False,False,False,False,False,False,False,False,False,False,False,False,False,False,False,True,False,False,False,0.18792236,0,Low
0,1,20.05,20.05,10.025,1,True,False,False,True,False,False,False,True,True,False,True,False,True,False,True,False,True,False,True,False,False,False,False,False,False,True,False,False,False,0.6313765,0,High
1,2,79.6,195.05,65.01666666666667,2,False,False,False,True,False,False,True,False,False,False,False,False,False,False,False,False,False,False,False,True,False,False,True,False,True,False,False,False,False,0.9010547,1,High
0,2,19.3,28.3,9.433333333333334,1,True,False,False,True,False,False,False,True,True,False,True,False,True,False,True,False,True,False,True,False,True,False,False,True,False,False,False,False,False,0.020894563,1,Low
0,13,48.75,633.4,45.24285714285714,3,False,True,False,False,True,False,False,False,False,False,False,False,False,True,False,False,False,True,False,True,False,False,True,False,False,False,True,False,False,0.5272336,1,Medium
0,33,74.75,2453.3,72.15588235294118,5,True,True,True,True,False,False,False,False,False,True,False,False,False,True,False,False,False,True,False,True,True,False,False,True,False,False,False,True,False,0.09969618,0,Low
1,46,91.3,4126.35,87.79468085106383,4,False,False,False,True,False,False,True,False,False,False,False,True,False,True,False,False,False,True,False,False,True,False,True,False,False,False,False,True,False,0.068392,0,Low
0,13,49.15,649.4,46.385714285714286,3,False,False,False,False,True,False,False,False,False,False,False,False,False,True,False,False,False,True,False,True,False,False,False,False,True,False,True,False,False,0.4324093,0,Medium
1,37,106.75,4056.75,106.75657894736842,6,False,False,False,True,False,True,True,False,False,True,False,True,False,False,False,False,False,True,False,True,False,False,True,False,False,False,False,True,False,0.20237441,1,Low
0,61,19.1,1143.8,18.448387096774194,1,False,True,True,True,False,False,False,True,True,False,True,False,True,False,True,False,True,False,True,False,True,False,False,True,False,False,False,False,True,0.009892359,0,Low
0,1,20.8,20.8,10.4,1,True,False,False,True,False,False,False,True,True,False,True,False,True,False,True,False,True,False,True,False,False,False,False,False,False,True,False,False,False,0.7805674,0,High
0,9,75.85,647.5,64.75,2,False,True,True,True,False,False,True,False,False,False,False,False,False,False,False,True,False,False,False,False,False,False,True,False,True,False,False,False,False,0.7702284,0,High
0,3,69.6,207.4,51.85,1,True,False,False,True,False,False,True,False,False,False,False,False,False,False,False,False,False,False,False,False,False,False,True,False,False,True,False,False,False,0.60790855,0,High
0,69,19.9,1363.45,19.477857142857143,1,True,True,False,True,False,False,False,True,True,False,True,False,True,False,True,False,True,False,True,False,False,True,False,False,False,True,False,False,True,0.0034057233,0,Low
0,62,20.3,1296.15,20.573809523809526,1,False,True,True,True,False,False,False,True,True,False,True,False,True,False,True,False,True,False,True,False,False,True,False,False,False,False,False,False,True,0.0020686048,0,Low
0,20,19.7,419.4,19.97142857142857,1,True,False,False,True,False,False,False,True,True,False,True,False,True,False,True,False,True,False,True,False,False,True,True,False,False,True,True,False,False,0.010267671,0,Low
0,61,104.0,6363.45,102.63629032258065,6,True,False,False,True,False,True,True,False,False,True,False,False,False,True,False,False,False,True,False,True,True,False,False,False,True,False,False,False,True,0.28150335,0,Low
0,4,23.9,97.5,19.5,2,False,False,False,True,False,True,False,True,True,False,True,False,True,False,True,False,True,False,True,False,True,False,False,False,True,False,False,False,False,0.062485773,0,Low
0,63,102.6,6296.75,98.38671875,5,True,True,False,True,False,True,True,False,False,False,False,False,False,True,False,False,False,True,False,True,False,True,False,False,True,False,False,False,True,0.11174331,0,Low
0,50,35.0,1782.4,34.94901960784314,2,True,False,False,False,True,False,False,False,False,True,False,True,False,False,False,False,False,False,False,False,False,False,True,False,False,True,False,False,True,0.062916525,0,Low
0,1,80.5,80.5,40.25,2,True,False,False,True,False,False,True,False,False,False,False,False,False,False,False,False,False,False,False,True,False,False,False,False,True,False,False,False,False,0.95061535,1,High
0,70,74.1,5222.3,73.55352112676057,6,False,True,True,True,False,False,False,False,False,True,False,True,False,True,False,True,False,False,False,True,True,False,False,True,False,False,False,False,True,0.10375645,0,Low
0,72,76.8,5468.45,74.91027397260274,5,False,True,True,True,False,True,False,False,False,False,False,False,False,True,False,False,False,True,False,True,False,True,True,False,False,False,False,False,True,0.013043102,0,Low
0,35,60.55,1982.6,55.07222222222222,4,False,False,False,True,False,False,False,False,False,True,False,True,False,True,False,False,False,False,False,False,False,False,False,False,True,False,False,True,False,0.056136355,0,Low
0,12,67.25,832.3,64.02307692307691,5,True,False,False,True,False,True,False,False,False,True,False,True,False,False,False,True,False,False,False,False,False,False,True,False,True,False,False,False,False,0.40253416,0,Medium
0,56,109.8,6109.65,107.18684210526315,7,False,True,False,True,False,True,True,False,False,True,False,True,False,True,False,False,False,True,False,True,True,False,False,False,False,False,False,False,True,0.08351624,0,Low
0,12,73.75,871.4,67.03076923076922,2,True,False,True,True,False,True,True,False,False,False,False,False,False,False,False,False,False,False,False,False,False,False,True,True,False,False,False,False,False,0.27807033,1,Low
0,36,55.8,1941.5,52.472972972972975,3,False,False,False,True,False,True,False,False,False,False,False,False,False,True,False,False,False,False,False,False,True,False,False,False,True,False,False,True,False,0.036930878,0,Low
0,40,105.75,4228.55,103.13536585365854,6,False,True,False,True,False,True,True,False,False,True,False,False,False,True,False,False,False,True,False,True,True,False,False,False,False,False,False,True,False,0.17919102,0,Low
0,3,19.6,59.75,14.9375,1,False,False,False,True,False,False,False,True,True,False,True,False,True,False,True,False,True,False,True,False,False,False,True,False,False,True,False,False,False,0.19158523,1,Low
1,40,103.75,4188.4,102.1560975609756,6,False,False,False,True,False,True,True,False,False,False,False,False,False,True,False,True,False,True,False,True,True,False,True,True,False,False,False,True,False,0.29676998,0,Low
0,67,70.9,4677.1,68.78088235294118,6,True,True,False,True,False,True,False,False,False,True,False,True,False,True,False,True,False,False,False,False,False,True,False,True,False,False,False,False,True,0.09176171,0,Low
0,67,72.35,4991.5,73.40441176470588,5,False,False,False,True,False,False,False,False,False,True,False,False,False,True,False,True,False,False,False,True,True,False,True,False,False,False,False,False,True,0.023119297,0,Low
0,7,66.85,458.1,57.2625,3,False,False,False,True,False,False,False,False,False,False,False,False,False,False,False,False,False,True,False,True,False,False,True,False,True,False,False,False,False,0.4465802,0,Medium
0,3,90.4,268.45,67.1125,4,True,False,False,True,False,False,True,False,False,False,False,True,False,True,False,False,False,False,False,True,False,False,False,False,True,False,False,False,False,0.46303046,0,Medium
0,42,100.3,4222.95,98.20813953488371,5,True,False,False,True,False,True,True,False,False,False,False,False,False,False,False,True,False,True,False,True,False,False,True,False,True,False,False,True,False,0.9045656,0,High
0,40,26.2,1077.5,26.28048780487805,2,False,True,True,True,False,True,False,True,True,False,True,False,True,False,True,False,True,False,True,False,False,False,True,False,True,False,False,True,False,0.05305679,0,Low
1,53,94.0,4871.45,90.21203703703704,5,False,True,False,True,False,False,True,False,False,False,False,True,False,True,False,True,False,True,False,False,True,False,True,False,True,False,False,False,True,0.08964617,0,Low
0,3,19.55,61.05,15.2625,1,False,False,False,True,False,False,False,True,True,False,True,False,True,False,True,False,True,False,True,False,False,False,False,False,True,False,False,False,False,0.20452912,0,Low
1,9,90.1,816.8,81.67999999999999,4,False,False,False,True,False,True,True,False,False,False,False,False,False,True,False,False,False,True,False,False,False,False,True,False,True,False,False,False,False,0.6331419,0,High
0,72,20.1,1326.25,18.16780821917808,1,False,True,True,True,False,False,False,True,True,False,True,False,True,False,True,False,True,False,True,False,False,True,True,True,False,False,False,False,True,0.0044398247,0,Low
1,46,85.0,3969.4,84.45531914893617,3,True,False,False,True,False,False,True,False,False,True,False,False,False,False,False,False,False,False,False,True,False,False,False,False,True,False,False,True,False,0.5394728,1,Medium
0,61,24.1,1551.6,25.0258064516129,2,False,True,True,True,False,True,False,True,True,False,True,False,True,False,True,False,True,False,True,False,False,True,True,False,False,True,False,False,True,0.0046473285,0,Low
0,54,69.95,3871.85,70.39727272727272,5,False,True,True,True,False,False,False,False,False,True,False,False,False,True,False,True,False,False,False,True,False,True,False,False,False,False,False,False,True,0.005863804,0,Low
0,11,41.6,470.6,39.21666666666667,2,True,False,False,False,True,False,False,False,False,False,False,False,False,True,False,False,False,True,False,False,True,False,True,False,True,False,False,False,False,0.8529398,1,High
0,29,19.55,521.8,17.39333333333333,1,False,True,False,True,False,False,False,True,True,False,True,False,True,False,True,False,True,False,True,False,False,True,True,False,False,True,False,True,False,0.011267061,0,Low
0,67,111.3,7482.1,110.03088235294118,7,True,True,True,True,False,True,True,False,False,True,False,True,False,True,False,False,False,True,False,True,True,False,True,False,True,False,False,False,True,0.30368707,1,Medium
0,49,97.95,4917.9,98.35799999999999,5,True,True,True,True,False,True,True,False,False,False,False,False,False,False,False,True,False,True,False,True,True,False,True,False,True,False,False,False,True,0.8443448,0,High
0,72,100.55,7325.1,100.34383561643835,6,True,True,False,True,False,True,True,False,False,True,False,True,False,False,False,True,False,False,False,True,False,True,True,False,False,False,False,False,True,0.014077095,0,Low
0,71,87.25,6328.7,87.89861111111111,7,False,True,True,True,False,False,False,False,False,True,False,True,False,True,False,True,False,True,False,True,False,True,False,True,False,False,False,False,True,0.0026685798,0,Low
1,44,74.85,3268.05,72.62333333333333,5,False,False,False,True,False,False,False,False,False,False,False,False,False,True,False,True,False,True,False,True,True,False,False,False,False,False,False,True,False,0.04461739,0,Low
0,41,60.3,2511.3,59.792857142857144,4,True,True,True,True,False,False,False,False,False,True,False,True,False,True,False,False,False,False,False,False,True,False,True,False,False,False,False,True,False,0.17216533,0,Low
0,11,58.95,601.6,50.13333333333333,3,False,False,False,True,False,True,False,False,False,False,False,False,False,False,False,False,False,False,False,True,False,False,True,False,False,True,False,False,False,0.26241663,0,Low
0,13,19.3,279.3,19.95,1,False,False,False,True,False,False,False,True,True,False,True,False,True,False,True,False,True,False,True,False,False,False,True,False,False,True,True,False,False,0.05756046,0,Low
1,55,88.8,4805.3,85.80892857142858,4,False,True,False,True,False,False,True,False,False,False,False,False,False,True,False,True,False,True,False,False,False,True,False,True,False,False,False,False,True,0.034871466,0,Low
0,11,48.55,501.0,41.75,2,False,False,False,True,False,False,False,False,False,True,False,False,False,False,False,False,False,False,False,False,False,False,False,True,False,False,False,False,False,0.14751893,1,Low
0,48,45.55,2108.35,43.02755102040816,3,False,False,True,False,True,False,False,False,False,False,False,True,False,True,False,False,False,False,False,True,False,False,False,True,False,False,False,True,False,0.17137894,0,Low
0,31,81.7,2548.65,79.6453125,3,True,False,False,True,False,True,True,False,False,False,False,False,False,False,False,True,False,False,False,False,True,False,False,True,False,False,False,True,False,0.045048434,0,Low
0,63,109.2,7049.75,110.15234375,7,True,False,False,True,False,False,True,False,False,True,False,True,False,True,False,True,False,True,False,True,False,True,False,True,False,False,False,False,True,0.10939526,0,Low
1,61,65.2,3965.05,63.95241935483871,4,False,True,True,True,False,True,False,False,False,False,False,False,False,True,False,False,False,True,False,False,True,False,True,False,True,False,False,False,True,0.07185374,0,Low
0,72,24.25,1784.5,24.445205479452056,2,False,True,True,True,False,True,False,True,True,False,True,False,True,False,True,False,True,False,True,False,False,True,False,True,False,False,False,False,True,0.0022090466,0,Low
0,53,108.25,5935.1,109.90925925925927,6,False,True,True,True,False,False,True,False,False,False,False,True,False,True,False,True,False,True,False,True,False,False,True,False,False,False,False,False,True,0.16201866,0,Low
1,7,48.2,340.35,42.54375,2,False,False,False,True,False,False,False,False,False,True,False,False,False,False,False,False,False,False,False,False,False,False,True,False,True,False,False,False,False,0.46202233,0,Medium
0,28,81.05,2227.1,76.79655172413793,2,False,True,True,True,False,False,True,False,False,False,False,False,False,False,False,False,False,False,False,True,False,False,True,False,True,False,False,True,False,0.26241592,1,Low
0,16,72.65,1194.3,70.25294117647059,2,False,False,False,True,False,True,True,False,False,False,False,False,False,False,False,False,False,False,False,False,False,False,False,False,True,False,True,False,False,0.21415427,1,Low
0,7,71.05,472.65,59.08125,1,False,False,True,True,False,False,True,False,False,False,False,False,False,False,False,False,False,False,False,False,False,False,True,False,True,False,False,False,False,0.71145123,0,High
0,5,64.0,370.25,61.708333333333336,4,False,False,False,True,False,True,False,False,False,False,False,True,False,False,False,False,False,False,False,True,False,False,True,False,True,False,False,False,False,0.6926538,0,High
0,71,23.9,1663.5,23.104166666666668,2,False,True,True,True,False,True,False,True,True,False,True,False,True,False,True,False,True,False,True,False,False,True,False,True,False,False,False,False,True,0.0053911908,0,Low
0,7,34.5,279.25,34.90625,2,True,True,True,False,True,False,False,False,False,True,False,False,False,False,False,True,False,False,False,False,False,False,True,False,True,False,False,False,False,0.5466174,1,Medium
1,11,111.4,1183.05,98.58749999999999,7,True,False,False,True,False,True,True,False,False,False,False,True,False,True,False,True,False,True,False,True,False,False,True,False,True,False,False,False,False,0.80083835,0,High
0,52,63.9,3334.95,62.92358490566038,6,True,False,False,False,True,False,False,False,False,True,False,True,False,True,False,True,False,True,False,True,False,True,False,True,False,False,False,False,True,0.015822267,0,Low
0,49,67.4,3306.85,66.137,5,False,False,False,True,False,False,False,False,False,True,False,True,False,True,False,True,False,False,False,False,False,True,False,False,False,False,False,False,True,0.011537113,0,Low
0,19,18.8,279.2,13.959999999999999,1,True,False,False,True,False,False,False,True,True,False,True,False,True,False,True,False,True,False,True,False,True,False,False,False,False,True,True,False,False,0.0037333341,0,Low
0,2,80.95,171.15,57.050000000000004,2,True,False,False,True,False,False,True,False,False,False,False,False,False,False,False,False,False,False,False,True,False,False,True,False,True,False,False,False,False,0.7580754,1,High
0,52,95.65,5088.4,96.00754716981132,5,True,True,False,True,False,True,True,False,False,False,False,True,False,False,False,True,False,False,False,True,False,False,True,True,False,False,False,False,True,0.14812537,0,Low
0,23,84.25,1968.1,82.00416666666666,4,True,True,False,True,False,True,True,False,False,False,False,True,False,True,False,False,False,False,False,False,False,False,False,False,True,False,True,False,False,0.5068764,0,Medium
1,8,69.7,572.85,63.650000000000006,1,True,False,False,True,False,False,True,False,False,False,False,False,False,False,False,False,False,False,False,False,False,False,True,False,True,False,False,False,False,0.51439786,0,Medium
1,65,103.9,6767.1,102.53181818181818,6,False,True,True,True,False,True,True,False,False,False,False,False,False,True,False,True,False,True,False,True,True,False,True,False,False,False,False,False,True,0.15560488,0,Low
0,2,55.3,108.65,36.21666666666667,2,True,False,True,True,False,False,False,False,False,False,False,False,False,False,False,False,False,False,False,True,False,False,True,False,True,False,False,False,False,0.7836333,0,High
0,62,23.65,1416.75,22.488095238095237,2,False,True,False,True,False,True,False,True,True,False,True,False,True,False,True,False,True,False,True,False,False,True,False,False,False,False,False,False,True,0.00544015,0,Low
0,3,89.85,244.45,61.1125,4,True,False,False,True,False,False,True,False,False,False,False,False,False,True,False,True,False,True,False,False,False,False,True,False,False,True,False,False,False,0.89157975,0,High
0,49,93.65,4520.15,90.40299999999999,5,True,True,True,True,False,True,True,False,False,False,False,True,False,True,False,False,False,True,False,False,True,False,True,False,True,False,False,False,True,0.5247237,0,Medium
0,15,69.0,994.8,62.175,1,False,False,True,True,False,False,True,False,False,False,False,False,False,False,False,False,False,False,False,False,False,False,False,False,False,False,True,False,False,0.25745577,1,Low
0,41,20.25,865.0,20.595238095238095,1,False,False,True,True,False,False,False,True,True,False,True,False,True,False,True,False,True,False,True,False,True,False,True,True,False,False,False,True,False,0.0095162,0,Low
1,46,104.45,4863.85,103.48617021276597,6,False,False,False,True,False,True,True,False,False,False,False,True,False,True,False,False,False,True,False,True,False,False,True,False,True,False,False,True,False,0.27223536,0,Low
0,56,25.95,1444.05,25.33421052631579,2,True,False,False,True,False,True,False,True,True,False,True,False,True,False,True,False,True,False,True,False,False,True,True,False,False,False,False,False,True,0.01180494,0,Low
0,48,95.4,4445.3,90.7204081632653,5,True,False,False,True,False,True,True,False,False,True,False,False,False,False,False,True,False,False,False,True,False,False,True,False,True,False,False,True,False,0.68395495,0,High
0,2,70.7,129.2,43.06666666666666,1,True,False,False,True,False,False,True,False,False,False,False,False,False,False,False,False,False,False,False,False,False,False,False,False,False,True,False,False,False,0.6348823,0,High
0,72,23.75,1679.25,23.003424657534246,2,False,True,True,True,False,True,False,True,True,False,True,False,True,False,True,False,True,False,True,False,False,True,False,False,False,False,False,False,True,0.0029969437,0,Low
0,45,78.8,3597.5,78.20652173913044,6,True,True,False,True,False,False,False,False,False,True,False,True,False,True,False,False,False,True,False,True,True,False,False,False,False,False,False,True,False,0.048606854,0,Low
0,37,62.8,2278.75,59.9671052631579,5,True,True,True,True,False,True,False,False,False,True,False,False,False,True,False,True,False,False,False,False,False,True,True,True,False,False,False,True,False,0.01356858,0,Low
0,61,89.2,5500.6,88.71935483870968,4,False,False,False,True,False,True,True,False,False,False,False,False,False,True,False,False,False,False,False,True,False,False,False,False,False,True,False,False,True,0.05758502,0,Low
0,60,20.6,1093.0,17.918032786885245,1,False,False,False,True,False,False,False,True,True,False,True,False,True,False,True,False,True,False,True,False,False,True,False,False,False,True,False,False,True,0.034559533,0,Low
1,2,50.15,115.1,38.36666666666667,2,False,True,False,True,False,False,False,False,False,False,False,True,False,False,False,False,False,False,False,False,False,False,False,True,False,False,False,False,False,0.38975006,1,Medium
0,63,75.55,4707.85,73.56015625,6,False,True,True,True,False,False,False,False,False,True,False,True,False,True,False,True,False,True,False,False,False,True,False,True,False,False,False,False,True,0.013614514,0,Low
1,4,84.6,360.1,72.02000000000001,3,False,False,False,True,False,True,True,False,False,False,False,False,False,False,False,False,False,False,False,True,False,False,True,False,True,False,False,False,False,0.9194177,1,High
0,62,102.0,6529.25,103.63888888888889,6,True,False,False,True,False,True,True,False,False,True,False,True,False,False,False,True,False,False,False,True,True,False,False,False,True,False,False,False,True,0.04661606,1,Low
0,62,92.05,5755.8,91.36190476190477,5,False,False,False,True,False,True,True,False,False,True,False,True,False,True,False,False,False,False,False,False,True,False,True,False,True,False,False,False,True,0.03894041,0,Low
0,69,97.65,6743.55,96.33642857142857,6,True,False,False,True,False,True,True,False,False,False,False,True,False,True,False,True,False,True,False,False,False,True,True,True,False,False,False,False,True,0.075084075,0,Low
0,4,105.65,443.9,88.78,6,False,False,False,True,False,False,True,False,False,False,False,True,False,True,False,True,False,True,False,True,True,False,True,False,True,False,False,False,False,0.65915406,1,High
0,49,56.3,2780.6,55.611999999999995,4,False,True,False,False,True,False,False,False,False,False,False,True,False,False,False,True,False,True,False,True,True,False,True,True,False,False,False,False,True,0.15682262,0,Low
0,51,81.15,4126.2,79.35,7,True,False,False,True,False,True,False,False,False,True,False,True,False,True,False,True,False,True,False,False,True,False,True,True,False,False,False,False,True,0.020083262,0,Low
0,26,44.65,1156.55,42.83518518518518,3,True,False,False,False,True,False,False,False,False,True,False,True,False,False,False,False,False,False,False,True,False,False,True,False,False,False,False,True,False,0.16687226,0,Low
0,9,43.75,405.7,40.57,1,False,False,False,True,False,False,False,False,False,False,False,False,False,False,False,False,False,False,False,False,False,False,True,False,True,False,False,False,False,0.6157323,0,High
0,57,94.7,5468.95,94.29224137931034,5,False,False,False,True,False,True,True,False,False,False,False,True,False,False,False,True,False,False,False,True,True,False,False,False,True,False,False,False,True,0.052344833,0,Low
0,37,19.5,805.2,21.189473684210526,1,False,True,False,True,False,False,False,True,True,False,True,False,True,False,True,False,True,False,True,False,False,False,False,False,False,False,False,True,False,0.13905258,0,Low
0,30,97.0,3021.3,97.46129032258065,4,True,False,False,True,False,False,True,False,False,False,False,True,False,False,False,False,False,True,False,True,True,False,True,False,False,False,False,True,False,0.21486464,0,Low
1,70,107.9,7475.85,105.29366197183099,7,False,True,True,True,False,True,True,False,False,False,False,True,False,True,False,True,False,True,False,True,True,False,True,False,True,False,False,False,True,0.16369508,0,Low
0,22,89.4,2001.5,87.02173913043478,4,True,False,True,True,False,False,True,False,False,False,False,True,False,True,False,False,False,True,False,False,False,False,True,False,True,False,True,False,False,0.8323963,1,High
0,39,48.95,1880.85,47.021249999999995,4,True,False,False,False,True,False,False,False,False,True,False,True,False,False,False,True,False,True,False,False,False,False,True,True,False,False,False,True,False,0.047956124,1,Low
1,33,80.6,2656.5,78.13235294117646,3,False,True,False,True,False,True,True,False,False,False,False,True,False,False,False,False,False,False,False,False,False,False,True,False,False,False,False,True,False,0.3104429,1,Medium
0,60,116.6,7049.5,115.56557377049181,8,True,False,False,True,False,True,True,False,False,True,False,True,False,True,False,True,False,True,False,True,True,False,True,True,False,False,False,False,True,0.2146932,0,Low
0,1,19.45,19.45,9.725,1,False,True,True,True,False,False,False,True,True,False,True,False,True,False,True,False,True,False,True,False,False,False,False,False,True,False,False,False,False,0.47147667,0,Medium
0,12,58.35,740.55,56.965384615384615,3,False,True,True,True,False,False,False,False,False,False,False,False,False,True,False,False,False,True,False,False,False,False,True,True,False,False,False,False,False,0.11272077,0,Low
0,51,19.95,1028.75,19.783653846153847,1,False,True,True,True,False,False,False,True,True,False,True,False,True,False,True,False,True,False,True,False,False,True,False,False,False,True,False,False,True,0.0057467557,0,Low
0,22,80.15,1790.65,77.85434782608696,2,False,True,True,True,False,False,True,False,False,False,False,False,False,False,False,False,False,False,False,True,False,False,True,False,True,False,True,False,False,0.25332642,0,Low
0,1,18.8,18.8,9.4,1,True,True,True,True,False,False,False,True,True,False,True,False,True,False,True,False,True,False,True,False,True,False,False,False,False,True,False,False,False,0.056940645,0,Low
0,39,100.0,3835.55,95.88875,5,True,True,True,True,False,True,True,False,False,False,False,False,False,True,False,False,False,True,False,True,True,False,False,False,True,False,False,True,False,0.30394655,0,Medium
0,4,93.5,362.2,72.44,5,False,False,False,True,False,True,True,False,False,False,False,True,False,False,False,True,False,False,False,True,False,False,True,False,True,False,False,False,False,0.9587933,1,High
0,39,80.45,3201.55,80.03875000000001,3,False,False,False,True,False,False,True,False,False,False,False,False,False,True,False,True,False,False,False,False,False,True,True,False,True,False,False,True,False,0.16303582,1,Low
1,69,84.9,5785.65,82.65214285714285,4,True,True,False,True,False,True,True,False,False,True,False,True,False,False,False,False,False,False,False,False,False,False,True,True,False,False,False,False,True,0.12349094,0,Low
1,8,64.4,581.7,64.63333333333334,4,True,True,False,True,False,False,False,False,False,False,False,False,False,True,False,True,False,False,False,True,False,False,True,True,False,False,False,False,False,0.08637182,0,Low
0,68,25.05,1629.2,23.61159420289855,2,True,True,False,True,False,True,False,True,True,False,True,False,True,False,True,False,True,False,True,False,False,True,False,True,False,False,False,False,True,0.006811159,0,Low
1,2,70.75,154.85,51.61666666666667,1,False,False,False,True,False,False,True,False,False,False,False,False,False,False,False,False,False,False,False,False,False,False,False,False,True,False,False,False,False,0.71182704,1,High
1,24,39.1,971.3,38.852,2,True,True,False,False,True,False,False,False,False,True,False,False,False,False,False,False,False,False,False,True,False,False,False,False,False,False,True,False,False,0.7570919,1,High
0,42,50.25,2203.65,51.24767441860465,2,False,True,False,True,False,True,False,False,False,False,False,False,False,False,False,False,False,False,False,False,False,False,True,False,True,False,False,True,False,0.04027218,1,Low
0,59,80.1,4693.2,78.22,6,False,True,False,True,False,True,False,False,False,False,False,True,False,False,False,True,False,True,False,True,True,False,True,False,True,False,False,False,True,0.05575723,0,Low
0,1,80.0,80.0,40.0,2,True,True,True,True,False,False,True,False,False,False,False,False,False,False,False,False,False,False,False,True,False,False,False,False,True,False,False,False,False,0.9439205,1,High
0,46,35.05,1620.25,34.473404255319146,2,False,True,True,False,True,False,False,False,False,True,False,True,False,False,False,False,False,False,False,False,False,False,False,False,False,False,False,True,False,0.20738387,0,Low
0,4,29.65,118.5,23.7,1,True,False,False,False,True,False,False,False,False,False,False,False,False,True,False,False,False,False,False,False,False,False,True,False,True,False,False,False,False,0.58425003,1,Medium
0,11,20.45,250.8,20.900000000000002,1,True,True,True,True,False,False,False,True,True,False,True,False,True,False,True,False,True,False,True,False,False,False,True,False,True,False,False,False,False,0.08267889,0,Low
0,59,66.4,3958.2,65.97,5,True,True,False,True,False,False,False,False,False,True,False,True,False,True,False,False,False,True,False,False,True,False,False,True,False,False,False,False,True,0.036187753,0,Low
0,53,60.6,3297.0,61.05555555555556,3,False,True,True,True,False,False,False,False,False,False,False,False,False,True,False,False,False,False,False,True,True,False,False,True,False,False,False,False,True,0.037878696,0,Low
0,3,54.2,140.4,35.1,2,False,False,False,True,False,False,False,False,False,False,False,False,False,False,False,False,False,True,False,False,False,False,True,False,True,False,False,False,False,0.773477,0,High
0,72,25.25,1841.2,25.221917808219178,2,False,True,False,True,False,True,False,True,True,False,True,False,True,False,True,False,True,False,True,False,False,True,True,False,False,False,False,False,True,0.0019231013,0,Low
0,9,18.95,185.6,18.56,1,True,False,False,True,False,False,False,True,True,False,True,False,True,False,True,False,True,False,True,False,False,False,True,False,False,True,False,False,False,0.029850798,1,Low
0,24,20.8,469.65,18.785999999999998,1,True,True,True,True,False,False,False,True,True,False,True,False,True,False,True,False,True,False,True,False,True,False,True,True,False,False,True,False,False,0.017277412,0,Low
1,45,86.1,3861.45,83.9445652173913,3,False,True,False,True,False,False,True,False,False,False,False,False,False,True,False,False,False,False,False,True,False,False,True,False,True,False,False,True,False,0.45007366,0,Medium
0,49,40.65,2070.75,41.415,2,False,True,False,False,True,False,False,False,False,True,False,False,False,False,False,False,False,True,False,False,False,False,False,False,False,False,False,False,True,0.089323334,0,Low
0,61,24.4,1417.9,22.86935483870968,2,False,True,False,True,False,True,False,True,True,False,True,False,True,False,True,False,True,False,True,False,False,True,False,False,False,True,False,False,True,0.005781493,0,Low
0,2,70.3,144.0,48.0,1,True,False,False,True,False,False,True,False,False,False,False,False,False,False,False,False,False,False,False,False,False,False,True,False,True,False,False,False,False,0.7201104,0,High
0,5,85.4,425.9,70.98333333333333,3,False,False,False,True,False,False,True,False,False,False,False,False,False,False,False,True,False,False,False,True,False,False,True,True,False,False,False,False,False,0.5356538,1,Medium
0,2,42.6,72.4,24.133333333333336,3,False,False,False,False,True,False,False,False,False,True,False,True,False,False,False,False,False,False,False,True,False,False,True,False,True,False,False,False,False,0.7800258,1,High
0,25,81.75,2028.8,78.03076923076922,7,True,False,False,True,False,True,False,False,False,True,False,True,False,True,False,True,False,False,False,True,False,False,False,False,False,False,False,True,False,0.051621955,0,Low
0,60,106.15,6411.25,105.10245901639344,6,False,True,False,True,False,True,True,False,False,False,False,True,False,True,False,False,False,True,False,True,False,False,True,False,True,False,False,False,True,0.6732004,0,High
0,51,110.05,5686.4,109.35384615384615,7,True,True,True,True,False,True,True,False,False,True,False,True,False,False,False,True,False,True,False,True,True,False,False,True,False,False,False,False,True,0.2692817,0,Low
0,2,56.7,113.55,37.85,3,True,True,True,True,False,True,False,False,False,True,False,False,False,False,False,False,False,False,False,False,False,False,False,False,False,True,False,False,False,0.329572,1,Medium
1,62,103.75,6383.35,101.32301587301588,6,True,True,False,True,False,True,True,False,False,False,False,True,False,True,False,False,False,True,False,True,True,False,True,False,True,False,False,False,True,0.43343046,1,Medium
0,52,81.4,4354.45,82.15943396226415,7,True,True,False,True,False,True,False,False,False,True,False,True,False,True,False,True,False,False,False,True,True,False,True,True,False,False,False,False,True,0.042561747,0,Low
0,68,76.9,5023.0,72.79710144927536,6,True,False,False,True,False,True,False,False,False,True,False,True,False,True,False,False,False,False,False,True,True,False,True,True,False,False,False,False,True,0.23183028,0,Low
0,22,84.15,1821.95,79.21521739130435,3,False,False,False,True,False,True,True,False,False,False,False,False,False,False,False,False,False,True,False,False,False,False,True,False,False,False,True,False,False,0.1015708,0,Low
1,1,25.05,25.05,12.525,0,True,True,False,False,True,False,False,False,False,False,False,False,False,False,False,False,False,False,False,False,False,False,False,False,True,False,False,False,False,0.93012154,1,High
1,3,41.15,132.2,33.05,2,True,False,False,False,True,False,False,False,False,False,False,False,False,True,False,False,False,False,False,True,False,False,True,False,True,False,False,False,False,0.87534475,1,High
1,16,96.4,1581.2,93.01176470588236,4,False,False,False,True,False,True,True,False,False,False,False,False,False,False,False,False,False,True,False,True,False,False,True,False,True,False,True,False,False,0.69760555,1,High
1,32,74.4,2276.95,68.99848484848485,2,False,False,False,True,False,False,True,False,False,False,False,True,False,False,False,False,False,False,False,False,False,False,True,False,True,False,False,True,False,0.67216295,1,High
0,50,24.9,1195.25,23.436274509803923,2,True,False,False,True,False,True,False,True,True,False,True,False,True,False,True,False,True,False,True,False,False,True,False,False,False,False,False,False,True,0.021451995,0,Low
0,1,48.75,48.75,24.375,2,True,True,True,True,False,False,False,False,False,True,False,False,False,False,False,False,False,False,False,False,False,False,True,False,False,True,False,False,False,0.65545505,0,High
0,6,83.9,497.55,71.07857142857144,3,False,False,False,True,False,False,True,False,False,False,False,False,False,True,False,False,False,False,False,True,False,False,False,False,True,False,False,False,False,0.5138331,1,Medium
0,1,50.75,50.75,25.375,2,True,False,False,True,False,False,False,False,False,False,False,True,False,False,False,False,False,False,False,False,False,False,True,False,True,False,False,False,False,0.8421991,1,High
0,29,20.2,558.8,18.626666666666665,1,False,True,True,True,False,False,False,True,True,False,True,False,True,False,True,False,True,False,True,False,False,True,False,False,False,True,False,True,False,0.003795557,0,Low
0,1,19.3,19.3,9.65,1,True,False,False,True,False,False,False,True,True,False,True,False,True,False,True,False,True,False,True,False,False,False,True,False,False,True,False,False,False,0.557256,1,Medium
0,58,95.3,5817.7,98.60508474576271,4,False,False,False,True,False,False,True,False,False,False,False,False,False,False,False,True,False,True,False,True,False,False,True,False,True,False,False,False,True,0.12764469,0,Low
1,35,76.05,2747.2,76.3111111111111,5,True,True,True,True,False,False,False,False,False,False,False,True,False,False,False,True,False,True,False,True,False,False,True,False,True,False,False,True,False,0.08686651,0,Low
0,43,19.55,876.15,19.912499999999998,1,True,False,False,True,False,False,False,True,True,False,True,False,True,False,True,False,True,False,True,False,False,True,False,False,False,True,False,True,False,0.0074962815,0,Low
0,41,50.05,2029.05,48.31071428571428,2,False,False,False,True,False,False,False,False,False,False,False,False,False,False,False,True,False,False,False,False,True,False,False,False,False,False,False,True,False,0.015674688,0,Low
0,47,19.3,890.5,18.552083333333332,1,False,True,True,True,False,False,False,True,True,False,True,False,True,False,True,False,True,False,True,False,False,True,False,False,False,False,False,True,False,0.005442844,0,Low
0,33,100.0,3320.6,97.66470588235293,5,False,False,False,True,False,True,True,False,False,False,False,True,False,False,False,False,False,True,False,True,False,False,True,False,True,False,False,True,False,0.6287741,0,High
0,67,20.5,1430.95,21.043382352941176,1,True,False,False,True,False,False,False,True,True,False,True,False,True,False,True,False,True,False,True,False,False,True,False,False,False,False,False,False,True,0.0017503767,0,Low
0,72,19.4,1496.45,20.49931506849315,1,False,True,False,True,False,False,False,True,True,False,True,False,True,False,True,False,True,False,True,False,False,True,False,False,False,False,False,False,True,0.004462686,0,Low
0,50,54.9,2614.1,51.25686274509804,3,True,True,True,True,False,True,False,False,False,False,False,False,False,True,False,False,False,False,False,False,True,False,False,False,False,False,False,False,True,0.014564603,0,Low
1,49,49.8,2398.4,47.968,2,True,True,False,True,False,False,False,False,False,False,False,True,False,False,False,False,False,False,False,False,False,True,False,False,False,True,False,False,True,0.017758235,0,Low
0,4,74.35,265.35,53.07000000000001,2,True,False,False,True,False,True,True,False,False,False,False,False,False,False,False,False,False,False,False,False,False,False,True,False,True,False,False,False,False,0.92057663,1,High
0,61,94.15,5731.85,92.4491935483871,5,True,True,False,True,False,False,True,False,False,False,False,True,False,True,False,True,False,False,False,True,False,False,False,True,False,False,False,False,True,0.018676903,0,Low
0,7,20.65,150.0,18.75,1,True,True,True,True,False,False,False,True,True,False,True,False,True,False,True,False,True,False,True,False,True,False,False,False,False,True,False,False,False,0.02210914,0,Low
1,14,90.45,1266.1,84.40666666666667,3,True,False,False,True,False,False,True,False,False,False,False,False,False,False,False,False,False,True,False,True,False,False,False,True,False,False,True,False,False,0.592,1,Medium
0,26,73.05,1959.5,72.57407407407408,5,False,True,False,True,False,False,False,False,False,False,False,True,False,False,False,True,False,True,False,True,False,False,True,False,True,False,False,True,False,0.16604324,0,Low
1,35,70.55,2419.0,67.19444444444444,1,False,False,False,True,False,False,True,False,False,False,False,False,False,False,False,False,False,False,False,False,False,False,False,False,True,False,False,True,False,0.5365728,0,Medium
1,54,99.1,5437.1,98.85636363636364,5,False,True,False,True,False,False,True,False,False,False,False,False,False,True,False,True,False,True,False,True,True,False,True,False,True,False,False,False,True,0.20110331,0,Low
0,8,95.65,778.1,86.45555555555556,4,False,False,False,True,False,True,True,False,False,False,False,False,False,False,False,False,False,True,False,True,False,False,False,False,False,False,False,False,False,0.83856326,1,High
0,1,71.65,71.65,35.825,1,True,False,True,True,False,False,True,False,False,False,False,False,False,False,False,False,False,False,False,False,False,False,True,False,True,False,False,False,False,0.9126844,1,High
0,67,100.25,6689.0,98.36764705882354,6,False,True,True,True,False,True,True,False,False,True,False,False,False,True,False,True,False,False,False,True,True,False,True,False,False,False,False,False,True,0.2705488,0,Low
0,24,19.75,498.1,19.924,1,False,False,True,True,False,False,False,True,True,False,True,False,True,False,True,False,True,False,True,False,False,True,False,False,False,True,True,False,False,0.0067223175,0,Low
0,64,24.9,1595.5,24.546153846153846,2,False,True,True,True,False,True,False,True,True,False,True,False,True,False,True,False,True,False,True,False,True,False,False,False,False,True,False,False,True,0.00712725,0,Low
1,34,79.6,2718.3,77.66571428571429,3,False,True,True,True,False,True,True,False,False,False,False,True,False,False,False,False,False,False,False,False,False,False,True,False,False,True,False,True,False,0.36042628,1,Medium
0,8,19.9,153.95,17.105555555555554,1,True,True,True,True,False,False,False,True,True,False,True,False,True,False,True,False,True,False,True,False,True,False,False,True,False,False,False,False,False,0.054639943,0,Low
0,6,20.2,123.65,17.664285714285715,1,False,False,False,True,False,False,False,True,True,False,True,False,True,False,True,False,True,False,True,False,False,False,False,False,False,True,False,False,False,0.16875947,0,Low
0,13,99.0,1301.7,92.97857142857143,5,True,False,False,True,False,True,True,False,False,False,False,False,False,False,False,True,False,True,False,True,False,False,True,False,False,True,True,False,False,0.8594892,1,High
0,62,24.25,1424.6,22.61269841269841,2,True,True,True,True,False,True,False,True,True,False,True,False,True,False,True,False,True,False,True,False,False,True,True,False,False,False,False,False,True,0.00589427,0,Low
0,34,100.05,3480.0,99.42857142857143,5,True,True,False,True,False,True,True,False,False,False,False,False,False,True,False,False,False,True,False,True,False,False,True,False,True,False,False,True,False,0.92449075,1,High
0,9,99.3,918.75,91.875,5,True,False,False,True,False,True,True,False,False,False,False,True,False,False,False,False,False,True,False,True,False,False,True,True,False,False,False,False,False,0.9653324,0,High
0,22,20.3,467.15,20.31086956521739,1,True,False,False,True,False,False,False,True,True,False,True,False,True,False,True,False,True,False,True,False,True,False,False,True,False,False,True,False,False,0.0050924663,0,Low
0,40,55.25,2139.2,52.17560975609756,3,True,False,True,True,False,False,False,False,False,True,False,True,False,False,False,False,False,False,False,False,False,False,True,False,False,True,False,True,False,0.063753136,1,Low
1,35,100.5,3653.35,101.48194444444444,6,False,True,False,True,False,True,True,False,False,True,False,True,False,False,False,True,False,True,False,False,False,False,True,False,False,False,False,True,False,0.109375894,1,Low
0,7,23.5,173.0,21.625,2,True,False,False,True,False,True,False,True,True,False,True,False,True,False,True,False,True,False,True,False,False,False,False,False,False,True,False,False,False,0.106170826,0,Low
1,32,19.8,587.7,17.809090909090912,1,True,False,False,True,False,False,False,True,True,False,True,False,True,False,True,False,True,False,True,False,True,False,False,True,False,False,False,True,False,0.0046982053,0,Low
0,61,19.75,1124.2,18.13225806451613,1,True,False,True,True,False,False,False,True,True,False,True,False,True,False,True,False,True,False,True,False,False,True,False,False,False,True,False,False,True,0.15788764,0,Low
0,2,20.75,44.2,14.733333333333334,1,True,False,False,True,False,False,False,True,True,False,True,False,True,False,True,False,True,False,True,False,False,False,False,False,False,True,False,False,False,0.11091105,0,Low
0,56,103.2,5744.35,100.7780701754386,6,False,True,False,True,False,True,True,False,False,False,False,False,False,True,False,True,False,True,False,True,False,True,False,False,False,False,False,False,True,0.041859783,0,Low
1,65,106.25,6979.8,105.75454545454545,6,False,True,False,True,False,True,True,False,False,False,False,True,False,True,False,False,False,True,False,True,True,False,True,False,True,False,False,False,True,0.32775694,1,Medium
0,28,49.9,1410.25,48.62931034482759,2,False,True,True,True,False,True,False,False,False,False,False,False,False,False,False,False,False,False,False,False,False,False,False,False,False,True,False,True,False,0.023106683,0,Low
0,18,69.5,1199.4,63.126315789473686,5,True,False,False,True,False,True,False,False,False,True,False,False,False,True,False,False,False,True,False,False,False,False,False,False,False,True,True,False,False,0.040696558,0,Low
0,71,90.55,6239.05,86.65347222222222,8,False,True,True,True,False,True,False,False,False,True,False,True,False,True,False,True,False,True,False,True,False,True,True,True,False,False,False,False,True,0.0023105138,0,Low
0,72,88.6,6201.95,84.95821917808219,7,True,False,False,True,False,True,False,False,False,False,False,True,False,True,False,True,False,True,False,True,False,True,True,False,False,False,False,False,True,0.00299918,0,Low
1,1,76.45,76.45,38.225,2,True,False,False,True,False,True,True,False,False,False,False,False,False,False,False,False,False,False,False,False,False,False,True,False,True,False,False,False,False,0.98437065,1,High
0,1,19.75,19.75,9.875,1,True,False,False,True,False,False,False,True,True,False,True,False,True,False,True,False,True,False,True,False,False,False,False,False,False,True,False,False,False,0.7173528,1,High
0,34,20.35,673.2,19.234285714285715,1,False,False,False,True,False,False,False,True,True,False,True,False,True,False,True,False,True,False,True,False,False,False,False,False,False,True,False,True,False,0.017223299,0,Low
0,8,87.05,762.1,84.67777777777778,3,False,False,False,True,False,True,True,False,False,False,False,False,False,False,False,False,False,True,False,False,False,False,True,False,True,False,False,False,False,0.8000589,1,High
0,47,106.4,5127.95,106.83229166666666,6,False,False,False,True,False,True,True,False,False,False,False,True,False,True,False,False,False,True,False,True,False,False,True,False,True,False,False,True,False,0.5837276,1,Medium
0,72,24.05,1709.15,23.413013698630138,2,False,True,True,True,False,True,False,True,True,False,True,False,True,False,True,False,True,False,True,False,False,True,True,False,False,False,False,False,True,0.003466117,0,Low
0,52,25.05,1270.25,23.96698113207547,2,False,True,True,True,False,True,False,True,True,False,True,False,True,False,True,False,True,False,True,False,False,True,True,False,False,False,False,False,True,0.011012869,0,Low
0,3,19.85,64.55,16.1375,1,True,False,False,True,False,False,False,True,True,False,True,False,True,False,True,False,True,False,True,False,False,False,False,False,False,True,False,False,False,0.2599822,1,Low
0,60,37.7,2288.7,37.51967213114754,3,False,True,False,False,True,False,False,False,False,True,False,True,False,False,False,True,False,False,False,False,False,True,False,False,False,False,False,False,True,0.0074915076,0,Low
0,3,96.6,291.9,72.975,4,False,False,False,True,False,True,True,False,False,False,False,False,False,False,False,False,False,True,False,True,False,False,True,False,True,False,False,False,False,0.9570871,1,High
0,19,86.0,1532.45,76.6225,3,True,False,False,True,False,True,True,False,False,False,False,False,False,False,False,False,False,False,False,True,False,False,True,False,False,False,True,False,False,0.50227326,1,Medium
0,1,69.9,69.9,34.95,1,True,False,False,True,False,False,True,False,False,False,False,False,False,False,False,False,False,False,False,False,False,False,True,False,True,False,False,False,False,0.9832373,0,High
0,6,105.3,545.2,77.88571428571429,6,False,True,False,True,False,True,True,False,False,False,False,True,False,True,False,False,False,True,False,True,False,False,True,False,True,False,False,False,False,0.89277977,1,High
0,49,59.6,2970.3,59.406000000000006,4,True,True,True,True,False,False,False,False,False,True,False,True,False,False,False,True,False,False,False,False,False,False,False,True,False,False,False,False,True,0.06808721,0,Low
1,22,90.5,1910.6,83.0695652173913,4,True,False,False,True,False,True,True,False,False,False,False,False,False,False,False,True,False,True,False,False,False,False,True,False,False,False,True,False,False,0.25217697,1,Low
0,42,19.05,761.85,17.717441860465115,1,False,True,True,True,False,False,False,True,True,False,True,False,True,False,True,False,True,False,True,False,True,False,True,False,True,False,False,True,False,0.0245913,0,Low
1,46,98.85,4564.9,97.12553191489361,5,True,True,False,True,False,True,True,False,False,False,False,False,False,True,False,False,False,True,False,True,False,False,True,False,True,False,False,True,False,0.882263,0,High
0,68,39.9,2796.35,40.5268115942029,2,True,False,False,False,True,False,False,False,False,False,False,False,False,True,False,False,False,False,False,True,False,False,True,False,False,False,False,False,True,0.09343965,0,Low
0,2,20.5,38.25,12.75,1,False,False,True,True,False,False,False,True,True,False,True,False,True,False,True,False,True,False,True,False,True,False,False,False,False,False,False,False,False,0.02334612,0,Low
0,0,20.25,0.0,0.0,1,True,False,True,True,False,False,False,True,True,False,True,False,True,False,True,False,True,False,True,False,False,True,False,False,False,True,False,False,False,0.019453624,0,Low
0,35,72.25,2568.55,71.34861111111111,6,False,True,True,True,False,True,False,False,False,True,False,False,False,True,False,True,False,True,False,False,False,False,False,False,True,False,False,True,False,0.09924155,1,Low
0,2,19.5,27.55,9.183333333333334,1,False,False,False,True,False,False,False,True,True,False,True,False,True,False,True,False,True,False,True,False,False,False,False,False,False,True,False,False,False,0.2890777,0,Low
0,68,62.65,4375.8,63.41739130434783,5,True,True,True,True,False,False,False,False,False,True,False,True,False,True,False,True,False,False,False,False,False,True,False,True,False,False,False,False,True,0.012542729,0,Low
0,16,75.4,1189.4,69.96470588235294,2,True,True,False,True,False,True,True,False,False,False,False,False,False,False,False,False,False,False,False,False,False,False,True,False,True,False,True,False,False,0.74502397,0,High
0,72,110.9,8240.85,112.88835616438357,7,True,True,False,True,False,True,True,False,False,True,False,False,False,True,False,True,False,True,False,True,False,True,True,True,False,False,False,False,True,0.014664572,0,Low
0,37,94.3,3460.95,91.07763157894736,5,True,True,False,True,False,True,True,False,False,False,False,False,False,True,False,True,False,True,False,False,False,True,False,False,False,True,False,True,False,0.02968461,0,Low
0,53,25.55,1336.1,24.74259259259259,2,True,True,True,True,False,True,False,True,True,False,True,False,True,False,True,False,True,False,True,False,False,True,False,True,False,False,False,False,True,0.034879275,0,Low
0,40,83.85,3532.25,86.15243902439025,3,False,False,False,True,False,True,True,False,False,False,False,False,False,False,False,False,False,False,False,True,False,False,False,False,False,False,False,True,False,0.44834507,0,Medium
0,46,94.15,4408.45,93.7968085106383,5,False,False,False,True,False,True,True,False,False,False,False,True,False,True,False,False,False,False,False,True,True,False,True,False,True,False,False,True,False,0.12319085,0,Low
0,3,100.95,329.95,82.4875,5,True,False,False,True,False,True,True,False,False,False,False,False,False,True,False,False,False,True,False,True,False,False,True,False,True,False,False,False,False,0.9308902,1,High
0,1,75.3,75.3,37.65,2,False,False,False,True,False,False,True,False,False,False,False,False,False,True,False,False,False,False,False,False,False,False,False,False,True,False,False,False,False,0.4701698,1,Medium
0,7,19.25,112.3,14.0375,1,True,False,False,True,False,False,False,True,True,False,True,False,True,False,True,False,True,False,True,False,False,False,False,False,True,False,False,False,False,0.067636214,1,Low
0,6,30.5,208.7,29.814285714285713,1,True,False,False,False,True,False,False,False,False,False,False,True,False,False,False,False,False,False,False,False,False,False,True,True,False,False,False,False,False,0.25323087,1,Low
0,46,89.15,4245.55,90.3308510638298,4,True,False,False,True,False,True,True,False,False,True,False,False,False,False,False,False,False,True,False,False,False,False,True,True,False,False,False,True,False,0.30614737,0,Medium
0,54,70.15,3715.65,67.55727272727273,4,False,True,False,True,False,True,False,False,False,False,False,False,False,False,False,False,False,True,False,True,True,False,True,True,False,False,False,False,True,0.03304906,1,Low
1,15,79.4,1156.1,72.25625,2,True,False,False,True,False,False,True,False,False,False,False,False,False,False,False,False,False,False,False,True,False,False,True,False,True,False,True,False,False,0.5534719,1,Medium
0,3,85.3,264.8,66.2,3,True,False,False,True,False,True,True,False,False,False,False,False,False,False,False,False,False,False,False,True,False,False,True,False,True,False,False,False,False,0.912754,1,High
0,70,20.05,1360.25,19.158450704225352,1,True,True,True,True,False,False,False,True,True,False,True,False,True,False,True,False,True,False,True,False,False,True,False,True,False,False,False,False,True,0.0025693474,0,Low
0,39,100.55,3895.35,97.38374999999999,5,True,False,True,True,False,True,True,False,False,False,False,False,False,False,False,True,False,True,False,True,False,True,False,False,False,True,False,True,False,0.06996624,0,Low
0,2,20.0,38.0,12.666666666666666,1,True,True,False,True,False,False,False,True,True,False,True,False,True,False,True,False,True,False,True,False,False,False,False,False,False,True,False,False,False,0.16788088,0,Low
0,18,75.6,1395.05,73.42368421052632,2,True,False,False,True,False,True,True,False,False,False,False,False,False,False,False,False,False,False,False,False,False,False,True,False,False,False,True,False,False,0.15857162,0,Low
1,72,25.1,1789.9,24.519178082191782,2,True,False,False,True,False,True,False,True,True,False,True,False,True,False,True,False,True,False,True,False,False,True,True,True,False,False,False,False,True,0.008301705,0,Low
0,47,55.3,2654.05,55.29270833333334,3,True,False,True,True,False,False,False,False,False,True,False,True,False,False,False,False,False,False,False,False,False,False,True,False,True,False,False,True,False,0.09385847,0,Low
0,22,19.9,400.3,17.40434782608696,1,False,True,True,True,False,False,False,True,True,False,True,False,True,False,True,False,True,False,True,False,False,False,False,False,False,True,True,False,False,0.028601242,0,Low
0,71,89.9,6457.15,89.68263888888889,8,True,True,True,True,False,True,False,False,False,True,False,True,False,True,False,True,False,True,False,True,False,True,False,True,False,False,False,False,True,0.0026069903,0,Low
0,8,74.85,572.45,63.60555555555556,2,True,False,False,True,False,True,True,False,False,False,False,False,False,False,False,False,False,False,False,False,False,False,True,False,True,False,False,False,False,0.8485029,0,High
0,71,19.9,1389.35,19.296527777777776,1,False,True,True,True,False,False,False,True,True,False,True,False,True,False,True,False,True,False,True,False,False,True,False,False,False,False,False,False,True,0.0025643578,0,Low
0,53,94.45,5042.75,93.38425925925925,5,False,False,False,True,False,False,True,False,False,False,False,True,False,True,False,True,False,False,False,True,True,False,True,True,False,False,False,False,True,0.0484524,0,Low
1,37,72.25,2575.45,67.77499999999999,1,True,True,False,True,False,False,True,False,False,False,False,False,False,False,False,False,False,False,False,False,False,False,True,False,False,False,False,True,False,0.60781795,0,High
0,64,70.15,4480.7,68.93384615384615,5,True,True,False,True,False,True,False,False,False,False,False,True,False,False,False,True,False,False,False,True,True,False,True,False,False,True,False,False,True,0.038618073,0,Low
0,5,48.65,235.2,39.199999999999996,2,True,False,True,True,False,False,False,False,False,False,False,False,False,False,False,True,False,False,False,False,False,False,True,False,False,False,False,False,False,0.5457146,0,Medium
0,60,104.7,6333.8,103.83278688524591,6,False,False,False,True,False,True,True,False,False,False,False,True,False,True,False,False,False,True,False,True,False,True,False,False,True,False,False,False,True,0.13308556,0,Low
0,2,50.3,92.75,30.916666666666668,2,True,False,False,True,False,False,False,False,False,False,False,True,False,False,False,False,False,False,False,False,False,False,True,False,False,True,False,False,False,0.7250156,0,High
0,25,54.2,1423.15,54.736538461538466,4,False,False,False,False,True,False,False,False,False,False,False,False,False,True,False,True,False,True,False,True,True,False,False,False,True,False,False,True,False,0.020775551,0,Low
0,6,19.7,113.5,16.214285714285715,1,False,True,True,True,False,False,False,True,True,False,True,False,True,False,True,False,True,False,True,False,False,False,False,False,False,True,False,False,False,0.16063833,0,Low
0,60,110.6,6586.85,107.98114754098361,7,True,True,True,True,False,True,True,False,False,True,False,False,False,True,False,True,False,True,False,True,False,True,True,False,True,False,False,False,True,0.14342625,0,Low
0,30,100.2,2983.8,96.25161290322582,5,False,False,False,True,False,True,True,False,False,False,False,True,False,False,False,False,False,True,False,True,False,False,True,False,True,False,False,True,False,0.62083036,1,High
0,67,49.35,3321.35,48.84338235294118,4,True,False,False,False,True,False,False,False,False,True,False,False,False,True,False,True,False,True,False,False,True,False,True,False,False,False,False,False,True,0.0062909517,0,Low
0,53,24.05,1301.9,24.10925925925926,2,True,False,False,True,False,True,False,True,True,False,True,False,True,False,True,False,True,False,True,False,True,False,False,False,False,False,False,False,True,0.077781625,0,Low
0,10,55.2,528.35,48.03181818181818,3,False,True,True,True,False,False,False,False,False,False,False,False,False,True,False,True,False,False,False,False,False,False,False,True,False,False,False,False,False,0.0928525,1,Low
0,1,52.2,52.2,26.1,2,False,False,False,True,False,False,False,False,False,False,False,False,False,False,False,True,False,False,False,False,False,False,True,False,True,False,False,False,False,0.73593336,1,High
0,55,54.55,2978.3,53.183928571428574,4,True,True,False,False,True,False,False,False,False,False,False,False,False,True,False,True,False,True,False,True,False,False,True,False,False,False,False,False,True,0.054384764,1,Low
0,70,84.7,5991.05,84.38098591549296,7,False,False,False,True,False,True,False,False,False,True,False,True,False,True,False,False,False,True,False,True,False,True,False,False,False,True,False,False,True,0.0043895454,0,Low
0,34,50.2,1815.3,51.86571428571428,2,False,True,False,True,False,False,False,False,False,False,False,False,False,False,False,True,False,False,False,False,False,False,False,False,False,False,False,True,False,0.019466234,0,Low
0,68,110.25,7279.35,105.49782608695652,7,False,False,False,True,False,True,True,False,False,True,False,True,False,False,False,True,False,True,False,True,False,True,False,True,False,False,False,False,True,0.074337415,0,Low
0,59,109.15,6557.75,109.29583333333333,7,False,True,False,True,False,True,True,False,False,True,False,True,False,True,False,False,False,True,False,True,True,False,True,True,False,False,False,False,True,0.14864063,0,Low
0,9,74.85,708.2,70.82000000000001,2,False,False,False,True,False,False,True,False,False,True,False,False,False,False,False,False,False,False,False,False,False,False,True,False,True,False,False,False,False,0.6249958,0,High
0,6,80.5,463.05,66.15,2,True,False,False,True,False,False,True,False,False,False,False,False,False,False,False,False,False,True,False,False,False,False,True,True,False,False,False,False,False,0.6842234,1,High
0,50,103.95,5231.3,102.57450980392157,6,True,True,False,True,False,True,True,False,False,True,False,False,False,True,False,False,False,True,False,True,True,False,True,False,True,False,False,False,True,0.8326843,0,High
1,72,92.45,6440.25,88.22260273972603,8,False,True,True,True,False,True,False,False,False,True,False,True,False,True,False,True,False,True,False,True,False,True,False,True,False,False,False,False,True,0.002704517,1,Low
1,41,53.95,2215.4,52.74761904761905,4,True,True,False,False,True,False,False,False,False,False,False,True,False,True,False,False,False,True,False,True,False,False,True,False,True,False,False,True,False,0.79842573,0,High
0,4,50.8,202.3,40.46,2,True,False,False,True,False,False,False,False,False,False,False,False,False,False,False,True,False,False,False,False,False,False,True,False,False,True,False,False,False,0.6435868,0,High
0,47,40.3,1794.8,37.391666666666666,3,True,True,True,False,True,False,False,False,False,True,False,False,False,True,False,True,False,False,False,False,True,False,False,False,True,False,False,True,False,0.025401656,0,Low
0,62,94.95,5791.85,91.93412698412699,5,True,True,True,True,False,True,True,False,False,True,False,True,False,False,False,False,False,True,False,False,True,False,True,True,False,False,False,False,True,0.09307173,0,Low
0,18,20.45,357.0,18.789473684210527,1,False,True,True,True,False,False,False,True,True,False,True,False,True,False,True,False,True,False,True,False,False,False,False,False,False,True,True,False,False,0.019527322,0,Low
0,3,75.85,256.6,64.15,2,False,True,False,True,False,True,True,False,False,False,False,False,False,False,False,False,False,False,False,False,False,False,True,False,True,False,False,False,False,0.92495304,1,High
0,65,25.1,1725.0,26.136363636363637,2,True,False,False,True,False,True,False,True,True,False,True,False,True,False,True,False,True,False,True,False,False,True,True,False,False,False,False,False,True,0.0034998197,0,Low
0,59,85.55,5084.65,84.74416666666666,3,True,True,False,True,False,True,True,False,False,False,False,False,False,False,False,False,False,False,False,True,True,False,False,False,True,False,False,False,True,0.20587437,1,Low
0,60,70.15,4224.7,69.25737704918032,5,False,False,False,True,False,False,False,False,False,False,False,True,False,True,False,True,False,True,False,False,True,False,True,True,False,False,False,False,True,0.01106456,0,Low
0,10,20.55,187.35,17.03181818181818,1,False,False,False,True,False,False,False,True,True,False,True,False,True,False,True,False,True,False,True,False,False,False,True,False,False,True,False,False,False,0.025513439,0,Low
0,7,38.55,280.0,35.0,3,True,True,True,False,True,False,False,False,False,True,False,True,False,True,False,False,False,False,False,False,False,True,False,False,False,True,False,False,False,0.038481098,0,Low
0,28,91.0,2626.15,90.55689655172414,4,True,False,False,True,False,False,True,False,False,False,False,False,False,True,False,True,False,False,False,True,False,False,False,False,True,False,False,True,False,0.034736745,0,Low
1,29,79.3,2414.55,80.485,3,True,True,False,True,False,True,True,False,False,False,False,False,False,False,False,True,False,False,False,False,False,False,True,False,True,False,False,True,False,0.42591012,0,Medium
0,0,19.7,0.0,0.0,1,True,True,True,True,False,False,False,True,True,False,True,False,True,False,True,False,True,False,True,False,True,False,True,False,False,True,False,False,False,0.5927694,0,Medium
0,37,64.65,2347.85,61.78552631578947,4,False,False,False,True,False,True,False,False,False,True,False,False,False,False,False,False,False,True,False,False,True,False,False,False,False,False,False,True,False,0.018312717,0,Low
0,45,24.65,1138.8,24.756521739130434,2,False,True,True,True,False,True,False,True,True,False,True,False,True,False,True,False,True,False,True,False,False,True,True,False,False,False,False,True,False,0.01334147,0,Low
0,61,79.8,4914.8,79.2709677419355,6,True,True,False,True,False,True,False,False,False,False,False,True,False,True,False,False,False,True,False,True,True,False,True,False,True,False,False,False,True,0.19459447,0,Low
0,64,19.45,1208.6,18.59384615384615,1,False,True,False,True,False,False,False,True,True,False,True,False,True,False,True,False,True,False,True,False,False,True,False,True,False,False,False,False,True,0.005801874,0,Low
0,63,91.35,5764.7,90.0734375,4,True,True,True,True,False,True,True,False,False,False,False,True,False,False,False,False,False,False,False,True,True,False,True,False,True,False,False,False,True,0.18627226,0,Low
1,37,76.5,2868.15,75.47763157894737,2,False,True,False,True,False,True,True,False,False,False,False,False,False,False,False,False,False,False,False,False,False,False,True,False,True,False,False,True,False,0.7842595,1,High
1,72,24.3,1778.7,24.365753424657534,2,False,True,False,True,False,True,False,True,True,False,True,False,True,False,True,False,True,False,True,False,False,True,False,False,False,False,False,False,True,0.0025615909,0,Low
0,66,89.9,5958.85,88.93805970149255,8,False,True,True,True,False,True,False,False,False,True,False,True,False,True,False,True,False,True,False,True,False,True,False,True,False,False,False,False,True,0.008089616,0,Low
0,1,95.65,95.65,47.825,4,False,False,False,True,False,True,True,False,False,False,False,False,False,False,False,False,False,True,False,True,False,False,False,False,False,True,False,False,False,0.8833819,1,High
0,9,79.75,769.1,76.91,2,False,True,False,True,False,False,True,False,False,False,False,False,False,False,False,False,False,False,False,True,False,False,True,False,True,False,False,False,False,0.8632271,0,High
0,1,25.35,25.35,12.675,0,True,False,False,False,True,False,False,False,False,False,False,False,False,False,False,False,False,False,False,False,False,False,False,False,False,True,False,False,False,0.8059171,0,High
1,4,99.8,442.85,88.57000000000001,5,False,False,False,True,False,False,True,False,False,False,False,True,False,True,False,False,False,True,False,True,False,False,True,True,False,False,False,False,False,0.9282477,1,High
1,38,74.95,2869.85,73.58589743589744,2,False,True,False,True,False,True,True,False,False,False,False,False,False,False,False,False,False,False,False,False,False,False,True,False,False,False,False,True,False,0.61776376,1,High
0,44,61.9,2924.05,64.97888888888889,4,True,True,True,True,False,False,False,False,False,False,False,True,False,True,False,True,False,False,False,False,False,False,True,False,False,True,False,True,False,0.106457904,0,Low
0,22,54.7,1178.75,51.25,3,False,True,False,True,False,False,False,False,False,False,False,True,False,True,False,False,False,False,False,False,False,False,True,False,False,True,True,False,False,0.2852625,0,Low
0,53,106.95,5785.5,107.13888888888889,6,False,False,False,True,False,True,True,False,False,True,False,False,False,True,False,False,False,True,False,True,True,False,True,True,False,False,False,False,True,0.25953224,1,Low
1,23,90.45,2117.25,88.21875,3,True,True,False,True,False,False,True,False,False,False,False,False,False,False,False,False,False,True,False,True,False,False,True,False,True,False,True,False,False,0.6104197,0,High
0,20,18.9,347.65,16.554761904761904,1,False,False,False,True,False,False,False,True,True,False,True,False,True,False,True,False,True,False,True,False,False,False,True,True,False,False,True,False,False,0.03518466,0,Low
0,51,24.75,1234.6,23.74230769230769,2,True,False,False,True,False,True,False,True,True,False,True,False,True,False,True,False,True,False,True,False,False,True,False,False,False,True,False,False,True,0.01595603,0,Low
0,62,20.65,1218.45,19.340476190476192,1,True,True,True,True,False,False,False,True,True,False,True,False,True,False,True,False,True,False,True,False,False,True,False,True,False,False,False,False,True,0.0028727807,0,Low
0,7,18.95,130.55,16.31875,1,True,False,False,True,False,False,False,True,True,False,True,False,True,False,True,False,True,False,True,False,False,False,True,False,False,True,False,False,False,0.045960605,0,Low
0,17,83.55,1329.15,73.84166666666667,3,False,False,False,True,False,False,True,False,False,False,False,True,False,False,False,False,False,True,False,False,False,False,True,False,True,False,True,False,False,0.5149461,0,Medium
0,41,70.2,2894.55,68.91785714285714,5,True,False,True,True,False,False,False,False,False,True,False,True,False,True,False,False,False,True,False,False,True,False,False,False,False,True,False,True,False,0.0783947,0,Low
0,7,94.05,633.45,79.18125,4,False,False,False,True,False,False,True,False,False,False,False,True,False,False,False,False,False,True,False,True,True,False,True,False,False,True,False,False,False,0.83387166,0,High
0,1,50.05,50.05,25.025,2,True,False,True,True,False,True,False,False,False,False,False,False,False,False,False,False,False,False,False,False,False,False,True,False,True,False,False,False,False,0.29156476,0,Low
0,64,58.35,3756.45,57.79153846153846,4,False,True,False,True,False,True,False,False,False,False,False,False,False,True,False,True,False,False,False,False,True,False,False,False,False,False,False,False,True,0.007470261,0,Low
0,3,75.5,220.6,55.15,2,False,False,False,True,False,True,True,False,False,False,False,False,False,False,False,False,False,False,False,False,False,False,True,False,True,False,False,False,False,0.9098143,1,High
1,50,71.05,3444.85,67.54607843137255,1,False,True,False,True,False,False,True,False,False,False,False,False,False,False,False,False,False,False,False,False,False,False,True,False,True,False,False,False,True,0.4871844,1,Medium
0,18,56.8,1074.65,56.56052631578948,3,True,True,False,True,False,True,False,False,False,False,False,True,False,False,False,False,False,False,False,False,False,False,False,True,False,False,True,False,False,0.19948456,0,Low
0,13,55.95,734.35,52.45357142857143,2,False,True,True,True,False,False,False,False,False,False,False,False,False,False,False,False,False,False,False,True,False,False,False,False,True,False,True,False,False,0.36994553,1,Medium
0,69,80.65,5542.55,79.17928571428571,6,True,True,True,True,False,False,False,False,False,True,False,True,False,False,False,True,False,True,False,True,False,True,False,False,False,False,False,False,True,0.0070599504,0,Low
0,1,79.15,79.15,39.575,3,False,False,False,True,False,True,True,False,False,False,False,True,False,False,False,False,False,False,False,False,False,False,True,False,False,True,False,False,False,0.934511,0,High
0,4,90.65,367.95,73.59,4,True,False,False,True,False,True,True,False,False,True,False,False,False,False,False,False,False,True,False,False,False,False,False,False,True,False,False,False,False,0.801841,0,High
0,1,53.5,53.5,26.75,2,True,False,False,True,False,False,False,False,False,False,False,False,False,False,False,False,False,True,False,False,False,False,True,False,False,True,False,False,False,0.8555729,1,High
0,25,53.65,1355.45,52.13269230769231,3,True,True,True,True,False,False,False,False,False,False,False,True,False,True,False,False,False,False,False,False,True,False,False,False,False,True,False,True,False,0.06731809,0,Low
0,18,55.95,1082.8,56.98947368421052,2,False,True,True,True,False,False,False,False,False,False,False,False,False,False,False,False,False,True,False,False,False,False,False,False,False,True,True,False,False,0.1345134,0,Low
0,48,23.55,1173.35,23.945918367346938,2,True,True,True,True,False,True,False,True,True,False,True,False,True,False,True,False,True,False,True,False,False,True,False,False,False,True,False,True,False,0.015930228,0,Low
0,26,20.65,595.5,22.055555555555557,1,True,False,False,True,False,False,False,True,True,False,True,False,True,False,True,False,True,False,True,False,True,False,True,True,False,False,False,True,False,0.012176294,0,Low
0,1,69.1,69.1,34.55,1,True,False,False,True,False,False,True,False,False,False,False,False,False,False,False,False,False,False,False,False,False,False,True,False,True,False,False,False,False,0.9867845,1,High
0,4,57.2,223.75,44.75,5,False,False,True,False,True,False,False,False,False,True,False,True,False,True,False,False,False,True,False,True,False,False,True,False,False,True,False,False,False,0.4652277,0,Medium
0,1,20.3,20.3,10.15,1,True,False,False,True,False,False,False,True,True,False,True,False,True,False,True,False,True,False,True,False,False,False,False,False,False,True,False,False,False,0.58343995,0,Medium
0,11,74.35,834.2,69.51666666666667,2,True,True,True,True,False,True,True,False,False,False,False,False,False,False,False,False,False,False,False,False,False,False,True,False,True,False,False,False,False,0.8542366,1,High
0,4,61.45,229.55,45.910000000000004,3,True,True,True,True,False,False,False,False,False,False,False,False,False,False,False,True,False,False,False,True,False,False,False,True,False,False,False,False,False,0.1000599,1,Low
1,8,19.65,164.3,18.255555555555556,1,False,False,False,True,False,False,False,True,True,False,True,False,True,False,True,False,True,False,True,False,False,False,False,False,True,False,False,False,False,0.16966233,1,Low
0,6,90.75,512.25,73.17857142857143,4,False,True,False,True,False,True,True,False,False,False,False,True,False,False,False,False,False,False,False,True,False,False,True,False,True,False,False,False,False,0.96861076,0,High
0,72,92.0,6632.75,90.85958904109589,8,True,False,False,True,False,True,False,False,False,True,False,True,False,True,False,True,False,True,False,True,False,True,False,False,False,False,False,False,True,0.001919051,0,Low
0,27,52.85,1498.65,53.52321428571429,3,False,False,False,True,False,False,False,False,False,True,False,True,False,False,False,False,False,False,False,False,False,True,False,False,False,False,False,True,False,0.010460055,0,Low
1,1,71.0,71.0,35.5,1,False,False,True,True,False,False,True,False,False,False,False,False,False,False,False,False,False,False,False,False,False,False,True,False,True,False,False,False,False,0.859984,1,High
0,17,20.15,353.65,19.647222222222222,1,False,False,False,True,False,False,False,True,True,False,True,False,True,False,True,False,True,False,True,False,True,False,False,False,False,True,True,False,False,0.017991668,0,Low
0,66,68.75,4447.55,66.3813432835821,6,True,False,False,True,False,True,False,False,False,True,False,True,False,True,False,True,False,False,False,False,False,True,False,False,False,False,False,False,True,0.010071182,0,Low
0,53,19.5,1050.5,19.453703703703702,1,True,False,False,True,False,False,False,True,True,False,True,False,True,False,True,False,True,False,True,False,False,True,False,True,False,False,False,False,True,0.09428097,0,Low
0,44,84.8,3626.35,80.58555555555556,4,True,True,False,True,False,True,True,False,False,True,False,False,False,True,False,False,False,False,False,False,False,False,True,True,False,False,False,True,False,0.20881277,0,Low
0,52,20.85,1071.6,20.2188679245283,1,True,True,True,True,False,False,False,True,True,False,True,False,True,False,True,False,True,False,True,False,True,False,True,True,False,False,False,False,True,0.025470907,0,Low
1,70,90.05,6333.4,89.20281690140844,8,True,True,False,True,False,True,False,False,False,True,False,True,False,True,False,True,False,True,False,True,False,True,False,True,False,False,False,False,True,0.009799924,0,Low
0,1,25.75,25.75,12.875,2,False,False,False,True,False,True,False,True,True,False,True,False,True,False,True,False,True,False,True,False,False,False,True,False,False,True,False,False,False,0.26023003,0,Low
0,61,94.1,5638.3,90.94032258064516,5,True,True,False,True,False,True,True,False,False,False,False,True,False,False,False,True,False,True,False,False,False,True,True,False,True,False,False,False,True,0.37276205,1,Medium
0,19,100.95,1875.55,93.7775,5,True,True,True,True,False,True,True,False,False,False,False,False,False,False,False,True,False,True,False,True,True,False,True,False,True,False,True,False,False,0.74640095,1,High
0,11,20.6,233.9,19.491666666666667,1,False,True,True,True,False,False,False,True,True,False,True,False,True,False,True,False,True,False,True,False,True,False,False,False,False,True,False,False,False,0.019076535,0,Low
0,26,85.75,2146.5,79.5,3,True,False,False,True,False,False,True,False,False,False,False,True,False,False,False,False,False,True,False,False,False,False,True,False,True,False,False,True,False,0.73236144,0,High
0,60,19.85,1128.1,18.49344262295082,1,False,False,False,True,False,False,False,True,True,False,True,False,True,False,True,False,True,False,True,False,False,True,False,False,False,False,False,False,True,0.013649965,0,Low
0,1,84.85,84.85,42.425,3,True,False,False,True,False,False,True,False,False,False,False,False,False,True,False,False,False,True,False,False,False,False,True,False,True,False,False,False,False,0.9393289,1,High
0,26,92.4,2349.8,87.02962962962964,5,True,False,False,True,False,True,True,False,False,True,False,True,False,False,False,False,False,True,False,False,False,False,True,True,False,False,False,True,False,0.51933223,0,Medium
1,24,80.5,2088.45,83.538,3,True,False,False,True,False,True,True,False,False,False,False,True,False,False,False,False,False,False,False,False,False,False,True,False,True,False,True,False,False,0.84683424,0,High
0,22,100.05,2090.25,90.8804347826087,5,True,True,True,True,False,False,True,False,False,False,False,True,False,True,False,False,False,True,False,True,True,False,True,False,False,True,True,False,False,0.73133624,0,High
0,51,98.85,4947.55,95.14519230769231,5,False,True,False,True,False,True,True,False,False,False,False,False,False,True,False,False,False,True,False,True,True,False,True,False,True,False,False,False,True,0.5868063,0,Medium
1,61,85.55,5251.75,84.70564516129032,4,True,True,False,True,False,True,True,False,False,False,False,True,False,False,False,True,False,False,False,False,True,False,True,False,False,False,False,False,True,0.03521287,0,Low
0,44,54.3,2390.45,53.121111111111105,4,True,True,False,False,True,False,False,False,False,False,False,True,False,True,False,False,False,True,False,True,False,True,False,False,False,False,False,True,False,0.2863262,0,Low
0,0,80.85,0.0,0.0,6,False,True,True,True,False,False,False,False,False,True,False,True,False,True,False,False,False,True,False,True,False,True,False,False,False,True,False,False,False,0.02559186,0,Low
0,5,75.65,399.45,66.575,2,False,False,False,True,False,False,True,False,False,False,False,False,False,False,False,True,False,False,False,False,False,False,True,False,False,True,False,False,False,0.4184255,0,Medium
0,1,78.8,78.8,39.4,2,False,True,False,True,False,False,True,False,False,False,False,False,False,False,False,False,False,True,False,False,False,False,False,False,True,False,False,False,False,0.97950804,1,High
0,26,61.55,1581.95,58.59074074074074,4,True,False,False,True,False,True,False,False,False,True,False,True,False,False,False,False,False,False,False,False,True,False,False,False,True,False,False,True,False,0.06896418,0,Low
0,15,84.35,1302.65,81.415625,4,False,False,False,True,False,True,True,False,False,True,False,False,False,True,False,False,False,False,False,False,False,False,True,True,False,False,True,False,False,0.16071251,0,Low
0,4,80.35,307.4,61.48,2,True,True,False,True,False,False,True,False,False,False,False,False,False,False,False,False,False,True,False,False,False,False,True,False,True,False,False,False,False,0.8827015,1,High
0,12,84.6,959.9,73.83846153846153,4,True,True,False,True,False,False,True,False,False,True,False,True,False,True,False,False,False,False,False,False,False,False,True,False,True,False,False,False,False,0.7925756,0,High
0,1,49.9,49.9,24.95,2,True,False,True,True,False,False,False,False,False,False,False,False,False,False,False,True,False,False,False,False,False,False,True,False,False,True,False,False,False,0.33152223,1,Medium
0,22,57.95,1271.8,55.29565217391304,4,True,True,True,True,False,False,False,False,False,True,False,True,False,False,False,True,False,False,False,False,False,False,True,False,False,True,True,False,False,0.06502912,0,Low
0,49,49.65,2409.9,48.198,3,True,True,False,False,True,False,False,False,False,False,False,True,False,False,False,False,False,True,False,True,False,True,False,True,False,False,False,False,True,0.094786435,0,Low
0,13,19.75,265.75,18.982142857142858,1,True,False,False,True,False,False,False,True,True,False,True,False,True,False,True,False,True,False,True,False,False,True,False,False,False,True,True,False,False,0.014309349,0,Low
0,66,90.55,6130.95,91.50671641791044,5,False,True,False,True,False,True,True,False,False,False,False,True,False,True,False,True,False,False,False,False,True,False,True,False,False,False,False,False,True,0.020324145,0,Low
0,62,39.0,2337.45,37.10238095238095,2,True,True,False,False,True,False,False,False,False,False,False,False,False,False,False,True,False,True,False,False,False,True,True,False,False,False,False,False,True,0.012951805,0,Low
0,66,63.3,4189.7,62.53283582089552,4,True,True,True,True,False,True,False,False,False,False,False,False,False,True,False,False,False,True,False,False,False,True,True,False,False,False,False,False,True,0.011408015,0,Low
0,3,35.2,108.95,27.2375,1,False,False,False,False,True,False,False,False,False,False,False,False,False,False,False,False,False,True,False,False,False,False,False,True,False,False,False,False,False,0.31640005,1,Medium
0,63,68.8,4111.35,64.23984375,6,True,False,False,True,False,True,False,False,False,True,False,True,False,True,False,True,False,False,False,False,True,False,False,False,False,False,False,False,True,0.012801066,0,Low
0,15,19.35,278.85,17.428125,1,True,True,True,True,False,False,False,True,True,False,True,False,True,False,True,False,True,False,True,False,False,True,False,False,False,True,True,False,False,0.01019729,0,Low
0,43,94.1,4107.3,93.34772727272728,5,False,True,False,True,False,True,True,False,False,True,False,True,False,False,False,False,False,False,False,True,False,False,True,False,True,False,False,True,False,0.28269804,0,Low
1,65,109.05,7108.2,107.7,7,True,False,False,True,False,True,True,False,False,True,False,False,False,True,False,True,False,True,False,True,False,True,True,False,True,False,False,False,True,0.18010464,0,Low
0,2,85.7,169.8,56.6,3,False,False,False,True,False,True,True,False,False,False,False,False,False,False,False,False,False,False,False,True,False,False,True,False,True,False,False,False,False,0.9717461,1,High
0,14,50.1,709.5,47.3,2,False,False,False,True,False,False,False,False,False,True,False,False,False,False,False,False,False,False,False,False,False,False,False,False,False,False,True,False,False,0.095461175,0,Low
0,68,109.05,7508.55,108.8195652173913,7,False,True,True,True,False,True,True,False,False,True,False,False,False,True,False,True,False,True,False,True,False,True,True,False,False,False,False,False,True,0.109485164,0,Low
0,20,19.6,356.15,16.95952380952381,1,True,False,False,True,False,False,False,True,True,False,True,False,True,False,True,False,True,False,True,False,False,False,True,True,False,False,True,False,False,0.047098264,0,Low
0,57,65.2,3687.85,63.58362068965517,5,False,True,True,True,False,True,False,False,False,True,False,True,False,False,False,True,False,False,False,False,False,False,False,False,False,False,False,False,True,0.0107781645,0,Low
0,72,19.8,1468.75,20.11986301369863,1,True,False,False,True,False,False,False,True,True,False,True,False,True,False,True,False,True,False,True,False,False,True,True,True,False,False,False,False,True,0.0021484892,0,Low
0,6,84.4,556.35,79.47857142857143,3,True,False,False,True,False,False,True,False,False,False,False,True,False,False,False,False,False,False,False,True,False,False,True,False,True,False,False,False,False,0.80565476,1,High
0,53,73.9,3958.25,73.30092592592592,6,True,False,False,True,False,True,False,False,False,False,False,True,False,True,False,True,False,False,False,True,False,True,True,False,False,False,False,False,True,0.013355538,0,Low
0,57,70.1,3913.3,67.47068965517242,4,False,True,True,True,False,False,False,False,False,True,False,False,False,False,False,False,False,True,False,True,True,False,True,False,False,False,False,False,True,0.0128030665,1,Low
0,1,20.1,20.1,10.05,1,True,False,False,True,False,False,False,True,True,False,True,False,True,False,True,False,True,False,True,False,False,False,True,False,False,True,False,False,False,0.90341884,1,High
0,15,49.0,749.25,46.828125,2,True,False,False,True,False,True,False,False,False,False,False,False,False,False,False,False,False,False,False,False,False,False,True,False,True,False,True,False,False,0.75999093,0,High
1,40,79.2,3233.85,78.87439024390244,3,False,False,False,True,False,False,True,False,False,True,False,True,False,False,False,False,False,False,False,False,False,False,True,True,False,False,False,True,False,0.6641329,1,High
0,71,53.95,3888.65,54.00902777777778,5,True,False,False,False,True,False,False,False,False,True,False,True,False,True,False,True,False,True,False,False,False,True,False,False,False,False,False,False,True,0.0054799244,0,Low
1,13,45.3,528.45,37.746428571428574,2,False,True,False,False,True,False,False,False,False,False,False,False,False,False,False,False,False,True,False,True,False,False,False,False,True,False,True,False,False,0.54552406,0,Medium
0,72,91.15,6637.9,90.93013698630136,8,False,True,False,True,False,True,False,False,False,True,False,True,False,True,False,True,False,True,False,True,False,True,True,False,False,False,False,False,True,0.0015122542,0,Low
0,52,95.7,4976.15,93.88962264150943,5,False,True,True,True,False,True,True,False,False,False,False,True,False,True,False,False,False,True,False,False,True,False,True,True,False,False,False,False,True,0.095391825,0,Low
0,63,81.15,5224.5,81.6328125,3,False,True,False,True,False,False,True,False,False,True,False,False,False,True,False,False,False,False,False,False,True,False,True,True,False,False,False,False,True,0.011378598,0,Low
0,29,19.1,529.5,17.65,1,True,False,False,True,False,False,False,True,True,False,True,False,True,False,True,False,True,False,True,False,True,False,False,False,False,True,False,True,False,0.0022843643,0,Low
0,29,100.55,2878.75,95.95833333333333,5,False,False,False,True,False,True,True,False,False,False,False,False,False,True,False,False,False,True,False,True,False,False,False,False,False,False,False,True,False,0.17715755,0,Low
0,3,20.75,67.1,16.775,1,True,False,False,True,False,False,False,True,True,False,True,False,True,False,True,False,True,False,True,False,False,False,True,True,False,False,False,False,False,0.21126898,0,Low
0,19,20.6,414.95,20.7475,1,True,True,True,True,False,False,False,True,True,False,True,False,True,False,True,False,True,False,True,False,False,False,False,False,False,True,True,False,False,0.025385063,0,Low
0,61,99.9,6241.35,100.66693548387097,5,True,True,True,True,False,True,True,False,False,False,False,False,False,True,False,False,False,True,False,True,True,False,True,False,True,False,False,False,True,0.93373823,0,High
0,10,54.25,583.0,53.0,3,False,False,False,True,False,False,False,False,False,False,False,False,False,True,False,True,False,False,False,False,False,False,False,False,True,False,False,False,False,0.23416361,0,Low
0,67,109.7,7344.45,108.00661764705882,7,False,True,False,True,False,True,True,False,False,False,False,True,False,True,False,True,False,True,False,True,True,False,True,True,False,False,False,False,True,0.07888505,0,Low
0,42,19.55,839.4,19.52093023255814,1,True,False,False,True,False,False,False,True,True,False,True,False,True,False,True,False,True,False,True,False,True,False,True,False,False,True,False,True,False,0.008127399,0,Low
0,1,75.7,75.7,37.85,2,False,False,False,True,False,False,True,False,False,False,False,True,False,False,False,False,False,False,False,False,False,False,True,False,True,False,False,False,False,0.9641535,1,High
0,5,84.0,424.75,70.79166666666667,3,False,False,False,True,False,True,True,False,False,False,False,False,False,False,False,False,False,True,False,False,False,False,True,False,True,False,False,False,False,0.8598594,0,High
0,20,19.5,403.15,19.197619047619046,1,False,False,False,True,False,False,False,True,True,False,True,False,True,False,True,False,True,False,True,False,True,False,False,False,False,True,True,False,False,0.009096493,0,Low
1,1,69.5,69.5,34.75,1,True,False,False,True,False,False,True,False,False,False,False,False,False,False,False,False,False,False,False,False,False,False,True,False,False,False,False,False,False,0.9426492,1,High
0,6,78.95,494.95,70.70714285714286,3,True,False,False,True,False,False,True,False,False,True,False,True,False,False,False,False,False,False,False,False,False,False,True,False,True,False,False,False,False,0.8329981,0,High
0,34,106.35,3549.25,101.40714285714286,6,True,False,False,True,False,True,True,False,False,False,False,True,False,True,False,False,False,True,False,True,False,False,True,False,True,False,False,True,False,0.6592947,1,High
0,21,19.6,390.4,17.745454545454546,1,True,False,False,True,False,False,False,True,True,False,True,False,True,False,True,False,True,False,True,False,False,True,False,False,False,True,True,False,False,0.010640727,0,Low
0,46,108.65,4903.2,104.32340425531915,7,True,False,False,True,False,True,True,False,False,False,False,True,False,True,False,True,False,True,False,True,False,True,False,False,True,False,False,True,False,0.32740206,0,Medium
0,34,97.7,3410.0,97.42857142857143,5,True,True,True,True,False,True,True,False,False,False,False,True,False,False,False,False,False,True,False,True,False,False,True,False,False,False,False,True,False,0.43634495,0,Medium
0,29,45.0,1242.45,41.415,4,True,False,True,False,True,False,False,False,False,True,False,True,False,True,False,True,False,False,False,False,False,False,True,False,False,True,False,True,False,0.12833446,0,Low
0,27,80.65,2209.75,78.91964285714286,3,True,True,True,True,False,False,True,False,False,True,False,True,False,False,False,False,False,False,False,False,True,False,True,True,False,False,False,True,False,0.17412028,0,Low
0,72,89.8,6510.45,89.18424657534246,8,False,True,True,True,False,True,False,False,False,True,False,True,False,True,False,True,False,True,False,True,False,True,False,True,False,False,False,False,True,0.0017804496,0,Low
0,42,54.55,2455.05,57.09418604651163,3,False,False,False,True,False,False,False,False,False,True,False,False,False,True,False,False,False,False,False,False,False,False,False,True,False,False,False,True,False,0.17089391,0,Low
1,27,78.05,2135.5,76.26785714285714,3,False,False,False,True,False,True,True,False,False,False,False,False,False,True,False,False,False,False,False,False,False,False,True,False,True,False,False,True,False,0.4631501,1,Medium
0,66,66.1,4428.45,66.09626865671642,5,True,True,False,True,False,True,False,False,False,True,False,True,False,True,False,False,False,False,False,False,False,True,True,True,False,False,False,False,True,0.021932377,0,Low
0,2,75.55,166.3,55.43333333333334,2,False,False,False,True,False,True,True,False,False,False,False,False,False,False,False,False,False,False,False,False,False,False,True,False,True,False,False,False,False,0.8965996,1,High
0,32,96.2,3183.4,96.46666666666667,4,True,False,False,True,False,False,True,False,False,False,False,False,False,False,False,True,False,True,False,True,False,False,True,False,True,False,False,True,False,0.3592249,1,Medium
1,14,74.95,1036.75,69.11666666666666,2,True,False,False,True,False,True,True,False,False,False,False,False,False,False,False,False,False,False,False,False,False,False,True,False,True,False,True,False,False,0.75535154,1,High
0,19,89.95,1682.4,84.12,4,True,False,False,True,False,False,True,False,False,False,False,False,False,True,False,True,False,True,False,False,False,False,False,False,False,True,True,False,False,0.23255245,0,Low
0,48,64.4,3035.35,61.945918367346934,5,True,False,True,True,False,True,False,False,False,True,False,True,False,True,False,False,False,False,False,False,True,False,True,False,False,False,False,True,False,0.02209113,0,Low
0,4,73.9,280.85,56.17,2,True,False,False,True,False,False,True,False,False,False,False,False,False,True,False,False,False,False,False,False,False,False,True,False,True,False,False,False,False,0.7717109,1,High
1,57,89.85,4925.35,84.9198275862069,4,True,True,False,True,False,True,True,False,False,False,False,True,False,False,False,False,False,False,False,True,False,False,True,False,True,False,False,False,True,0.17400943,0,Low
0,58,75.2,4300.8,72.89491525423729,5,True,True,True,True,False,False,False,False,False,False,False,True,False,False,False,True,False,True,False,True,True,False,True,True,False,False,False,False,True,0.04186679,0,Low
1,56,68.45,4014.0,70.42105263157895,6,False,True,False,True,False,True,False,False,False,True,False,True,False,True,False,True,False,False,False,False,True,False,True,True,False,False,False,False,True,0.012218746,0,Low
0,69,19.75,1375.4,19.64857142857143,1,False,True,True,True,False,False,False,True,True,False,True,False,True,False,True,False,True,False,True,False,False,True,False,False,False,False,False,False,True,0.0067169834,0,Low
0,10,53.7,521.0,47.36363636363637,5,True,True,True,False,True,False,False,False,False,True,False,True,False,True,False,True,False,False,False,True,False,True,False,True,False,False,False,False,False,0.018944796,0,Low
0,3,80.0,241.3,60.325,3,False,True,True,True,False,False,True,False,False,False,False,True,False,False,False,True,False,False,False,False,False,False,True,False,True,False,False,False,False,0.8290175,0,High
0,35,26.2,954.9,26.525,2,True,False,False,True,False,True,False,True,True,False,True,False,True,False,True,False,True,False,True,False,True,False,False,False,False,False,False,True,False,0.023347208,0,Low
0,11,19.25,180.3,15.025,1,False,True,True,True,False,False,False,True,True,False,True,False,True,False,True,False,True,False,True,False,False,False,True,False,False,True,False,False,False,0.036153,1,Low
0,56,100.55,5514.95,96.75350877192982,5,True,True,False,True,False,True,True,False,False,True,False,False,False,False,False,False,False,True,False,True,True,False,True,False,True,False,False,False,True,0.65709996,0,High
0,51,24.95,1222.25,23.504807692307693,2,True,True,True,True,False,True,False,True,True,False,True,False,True,False,True,False,True,False,True,False,False,True,True,False,False,True,False,False,True,0.03248591,0,Low
1,36,90.85,3186.7,86.12702702702703,4,True,False,False,True,False,True,True,False,False,True,False,False,False,False,False,False,False,True,False,False,False,False,True,False,True,False,False,True,False,0.29999927,1,Low
0,5,20.45,106.9,17.816666666666666,1,True,False,True,True,False,False,False,True,True,False,True,False,True,False,True,False,True,False,True,False,False,True,False,False,False,True,False,False,False,0.008877479,0,Low
0,1,20.4,20.4,10.2,1,True,True,True,True,False,False,False,True,True,False,True,False,True,False,True,False,True,False,True,False,True,False,False,False,False,True,False,False,False,0.12939288,0,Low
1,7,74.4,527.9,65.9875,2,True,True,False,True,False,True,True,False,False,False,False,False,False,False,False,False,False,False,False,False,False,False,True,False,False,True,False,False,False,0.85278076,1,High
0,69,53.65,3804.4,54.34857142857143,3,True,True,False,True,False,False,False,False,False,True,False,True,False,False,False,False,False,False,False,False,True,False,True,True,False,False,False,False,True,0.017355615,0,Low
0,22,67.5,1544.05,67.13260869565217,5,True,True,True,True,False,False,False,False,False,True,False,False,False,True,False,True,False,True,False,False,True,False,True,False,False,False,True,False,False,0.048044395,1,Low
0,63,24.2,1618.2,25.284375,2,False,False,False,True,False,True,False,True,True,False,True,False,True,False,True,False,True,False,True,False,False,True,False,False,False,True,False,False,True,0.0029225673,0,Low
0,55,75.75,4264.25,76.14732142857143,6,False,True,True,True,False,True,False,False,False,True,False,True,False,False,False,True,False,False,False,True,True,False,True,False,False,False,False,False,True,0.026110595,0,Low
0,3,57.55,161.45,40.3625,3,False,False,False,True,False,False,False,False,False,False,False,False,False,True,False,False,False,True,False,False,False,False,False,False,True,False,False,False,False,0.39651868,0,Medium
0,67,81.35,5398.6,79.39117647058823,6,True,True,True,True,False,False,False,False,False,True,False,True,False,True,False,False,False,True,False,True,False,True,False,True,False,False,False,False,True,0.01784044,0,Low
0,3,25.25,58.9,14.725,0,False,False,False,False,True,False,False,False,False,False,False,False,False,False,False,False,False,False,False,False,False,False,False,False,True,False,False,False,False,0.48731056,1,Medium
0,1,19.75,19.75,9.875,1,True,False,False,True,False,False,False,True,True,False,True,False,True,False,True,False,True,False,True,False,False,False,False,False,False,True,False,False,False,0.7173528,0,High
0,16,89.05,1448.6,85.21176470588235,4,True,False,False,True,False,True,True,False,False,False,False,False,False,False,False,True,False,False,False,True,False,False,True,True,False,False,True,False,False,0.28972054,1,Low
0,62,104.05,6590.5,104.61111111111111,6,True,False,True,True,False,True,True,False,False,False,False,False,False,True,False,True,False,True,False,True,False,True,True,False,True,False,False,False,True,0.5416961,0,Medium
0,8,65.5,573.15,63.68333333333333,5,False,False,False,True,False,True,False,False,False,True,False,True,False,True,False,False,False,False,False,False,False,False,True,False,False,False,False,False,False,0.11060995,0,Low
0,9,20.1,190.25,19.025,1,True,False,True,True,False,False,False,True,True,False,True,False,True,False,True,False,True,False,True,False,True,False,False,False,False,True,False,False,False,0.030384108,0,Low
0,6,19.5,146.3,20.900000000000002,1,False,True,False,True,False,False,False,True,True,False,True,False,True,False,True,False,True,False,True,False,False,False,False,False,False,False,False,False,False,0.27836627,1,Low
0,28,59.0,1654.45,57.050000000000004,4,False,False,False,True,False,True,False,False,False,True,False,False,False,True,False,False,False,False,False,False,True,False,False,False,False,True,False,True,False,0.00879401,0,Low
0,26,19.4,525.55,19.46481481481481,1,True,False,False,True,False,False,False,True,True,False,True,False,True,False,True,False,True,False,True,False,True,False,False,False,False,True,False,True,False,0.0052227434,0,Low
0,38,101.15,3956.7,101.45384615384614,5,True,True,True,True,False,True,True,False,False,False,False,False,False,True,False,False,False,True,False,True,False,False,True,True,False,False,False,True,False,0.715482,0,High
0,18,50.3,913.3,48.06842105263158,2,False,False,False,True,False,True,False,False,False,False,False,False,False,False,False,False,False,False,False,False,False,False,True,False,True,False,True,False,False,0.3182504,0,Medium
0,3,31.0,95.05,23.7625,1,False,True,True,False,True,False,False,False,False,False,False,False,False,False,False,True,False,False,False,False,False,False,True,False,False,True,False,False,False,0.39399472,1,Medium
0,3,25.0,78.25,19.5625,0,True,True,False,False,True,False,False,False,False,False,False,False,False,False,False,False,False,False,False,False,False,False,False,False,False,True,False,False,False,0.68658775,0,High
0,70,72.95,5265.55,74.16267605633803,6,True,True,False,True,False,True,False,False,False,False,False,True,False,True,False,True,False,True,False,False,False,True,False,False,False,False,False,False,True,0.022345304,0,Low
0,67,69.35,4653.25,68.43014705882354,6,True,True,True,True,False,True,False,False,False,True,False,True,False,True,False,True,False,False,False,False,True,False,True,True,False,False,False,False,True,0.079208374,0,Low
0,71,24.35,1654.6,22.980555555555554,2,True,False,True,True,False,True,False,True,True,False,True,False,True,False,True,False,True,False,True,False,False,True,False,False,False,True,False,False,True,0.0026952943,0,Low
0,16,69.1,1083.7,63.747058823529414,5,True,False,True,True,False,True,False,False,False,True,False,True,False,False,False,False,False,False,False,True,False,False,True,False,True,False,True,False,False,0.50263625,0,Medium
0,10,65.5,616.9,56.08181818181818,4,False,True,True,True,False,False,False,False,False,False,False,True,False,False,False,True,False,False,False,True,False,False,True,False,True,False,False,False,False,0.2681094,0,Low
0,1,90.85,90.85,45.425,4,True,False,False,True,False,True,True,False,False,False,False,True,False,False,False,False,False,False,False,True,False,False,True,True,False,False,False,False,False,0.95322955,1,High
0,12,56.3,628.65,48.357692307692304,2,True,True,True,True,False,False,False,False,False,False,False,False,False,False,False,False,False,True,False,False,False,False,True,False,False,True,False,False,False,0.22677763,0,Low
0,5,53.85,259.8,43.300000000000004,3,False,False,False,True,False,False,False,False,False,True,False,False,False,False,False,True,False,False,False,False,False,False,False,True,False,False,False,False,False,0.2728486,1,Low
1,40,99.2,4062.2,99.0780487804878,5,False,True,False,True,False,False,True,False,False,False,False,True,False,False,False,True,False,True,False,True,True,False,True,True,False,False,False,True,False,0.23463462,1,Low
1,21,64.95,1339.8,60.9,4,True,True,False,True,False,False,False,False,False,True,False,True,False,False,False,False,False,False,False,True,False,False,True,False,False,False,True,False,False,0.13031277,0,Low
0,9,68.25,576.95,57.69500000000001,5,True,False,False,True,False,False,False,False,False,True,False,False,False,True,False,True,False,False,False,True,False,False,True,False,False,False,False,False,False,0.05802515,0,Low
0,7,50.3,355.1,44.3875,2,False,True,False,True,False,False,False,False,False,True,False,False,False,False,False,False,False,False,False,False,False,False,True,False,False,False,False,False,False,0.2129203,0,Low
0,38,20.05,678.2,17.389743589743592,1,False,False,False,True,False,False,False,True,True,False,True,False,True,False,True,False,True,False,True,False,True,False,False,False,False,True,False,True,False,0.005782102,0,Low
0,1,50.5,50.5,25.25,2,True,False,False,True,False,False,False,False,False,False,False,False,False,True,False,False,False,False,False,False,False,False,True,False,True,False,False,False,False,0.8548122,1,High
0,7,74.9,490.55,61.31875,2,True,False,False,True,False,False,True,False,False,False,False,False,False,True,False,False,False,False,False,False,False,False,True,False,True,False,False,False,False,0.77245957,0,High
0,2,70.95,137.95,45.98333333333333,1,False,False,False,True,False,False,True,False,False,False,False,False,False,False,False,False,False,False,False,False,False,False,True,False,True,False,False,False,False,0.69502854,1,High
0,56,19.55,1080.55,18.95701754385965,1,False,False,False,True,False,False,False,True,True,False,True,False,True,False,True,False,True,False,True,False,False,True,True,False,False,False,False,False,True,0.16971062,0,Low
0,6,50.35,314.55,44.93571428571429,2,False,True,False,True,False,True,False,False,False,False,False,False,False,False,False,False,False,False,False,False,False,False,False,False,True,False,False,False,False,0.25657845,0,Low
0,63,58.55,3503.5,54.7421875,3,False,False,False,True,False,False,False,False,False,False,False,False,False,True,False,False,False,False,False,True,True,False,False,True,False,False,False,False,True,0.019075787,0,Low
0,64,110.5,7069.25,108.75769230769231,7,False,False,False,True,False,True,True,False,False,False,False,True,False,True,False,True,False,True,False,True,False,True,True,True,False,False,False,False,True,0.030717323,0,Low
0,29,45.9,1332.4,44.413333333333334,2,True,True,False,False,True,False,False,False,False,False,False,False,False,False,False,False,False,True,False,True,False,False,True,False,True,False,False,True,False,0.29139757,0,Low
0,32,85.65,2664.3,80.73636363636365,3,True,False,False,True,False,True,True,False,False,False,False,False,False,False,False,False,False,False,False,True,False,False,True,False,False,False,False,True,False,0.67287797,0,High
1,2,84.05,186.05,62.01666666666667,3,False,False,False,True,False,True,True,False,False,False,False,False,False,False,False,False,False,False,False,True,False,False,True,False,True,False,False,False,False,0.96966773,0,High
0,60,94.4,5610.25,91.97131147540983,4,True,True,False,True,False,False,True,False,False,False,False,True,False,False,False,False,False,True,False,True,True,False,True,False,True,False,False,False,True,0.28471732,1,Low
0,22,65.05,1427.55,62.06739130434782,5,True,False,False,True,False,True,False,False,False,True,False,True,False,True,False,False,False,False,False,False,False,False,False,False,False,True,True,False,False,0.07777654,0,Low
0,11,35.65,425.1,35.425000000000004,2,True,False,False,False,True,False,False,False,False,False,False,True,False,False,False,True,False,False,False,False,False,False,True,False,True,False,False,False,False,0.35590148,0,Medium
1,57,90.65,5199.8,89.65172413793104,4,True,True,False,True,False,False,True,False,False,False,False,True,False,True,False,False,False,True,False,False,True,False,True,False,True,False,False,False,True,0.1796921,0,Low
0,1,44.15,44.15,22.075,1,True,False,False,True,False,False,False,False,False,False,False,False,False,False,False,False,False,False,False,False,False,False,True,False,False,True,False,False,False,0.67321575,1,High
0,62,19.2,1123.65,17.835714285714285,1,False,False,False,True,False,False,False,True,True,False,True,False,True,False,True,False,True,False,True,False,False,True,True,True,False,False,False,False,True,0.016409243,0,Low
0,47,98.75,4533.7,94.45208333333333,6,False,True,False,True,False,True,True,False,False,True,False,True,False,True,False,False,False,True,False,False,False,False,True,False,True,False,False,True,False,0.5390464,1,Medium
0,61,88.1,5526.75,89.14112903225806,8,False,True,True,True,False,True,False,False,False,True,False,True,False,True,False,True,False,True,False,True,False,True,False,False,False,True,False,False,True,0.003674612,0,Low
0,3,70.15,194.2,48.55,1,False,False,False,True,False,False,True,False,False,False,False,False,False,False,False,False,False,False,False,False,False,False,True,False,True,False,False,False,False,0.61084574,0,High
0,64,81.05,5135.35,79.00538461538463,3,True,True,True,True,False,False,True,False,False,True,False,True,False,False,False,False,False,False,False,False,False,False,False,False,True,False,False,False,True,0.049303908,0,Low
0,6,94.05,518.75,74.10714285714286,5,False,True,True,True,False,True,True,False,False,False,False,True,False,True,False,False,False,True,False,False,False,False,True,False,False,True,False,False,False,0.9640222,0,High
0,56,20.05,1090.1,19.12456140350877,1,False,True,True,True,False,False,False,True,True,False,True,False,True,False,True,False,True,False,True,False,False,True,False,False,False,True,False,False,True,0.042711854,0,Low
0,27,49.85,1336.15,47.71964285714286,2,False,True,True,True,False,False,False,False,False,False,False,True,False,False,False,False,False,False,False,False,False,False,False,False,False,True,False,True,False,0.027639728,0,Low
0,46,45.55,2062.15,43.87553191489362,3,False,True,False,False,True,False,False,False,False,True,False,True,False,False,False,False,False,True,False,False,False,False,False,False,True,False,False,True,False,0.11473736,0,Low
1,1,45.1,45.1,22.55,1,True,False,False,True,False,False,False,False,False,False,False,False,False,False,False,False,False,False,False,False,False,False,False,False,True,False,False,False,False,0.7177559,1,High
0,11,20.4,231.45,19.287499999999998,1,True,False,False,True,False,False,False,True,True,False,True,False,True,False,True,False,True,False,True,False,False,True,False,False,False,True,False,False,False,0.0072846105,0,Low
0,32,98.85,3145.9,95.33030303030303,5,True,True,False,True,False,True,True,False,False,False,False,True,False,False,False,False,False,True,False,True,False,False,True,True,False,False,False,True,False,0.5308923,0,Medium
0,4,77.85,299.2,59.839999999999996,2,True,False,False,True,False,False,True,False,False,False,False,False,False,False,False,False,False,True,False,False,False,False,False,False,True,False,False,False,False,0.6335203,1,High
0,24,55.65,1400.55,56.022,3,True,False,False,True,False,True,False,False,False,True,False,False,False,False,False,False,False,False,False,False,False,False,True,False,False,False,True,False,False,0.09878286,1,Low
0,35,108.95,4025.5,111.81944444444444,7,True,False,False,True,False,True,True,False,False,True,False,False,False,True,False,True,False,True,False,True,False,True,True,False,True,False,False,True,False,0.10086759,0,Low
0,46,105.2,4822.85,102.61382978723405,6,False,False,True,True,False,False,True,False,False,True,False,True,False,False,False,True,False,True,False,True,True,False,True,False,False,False,False,True,False,0.09835244,1,Low
0,1,70.0,70.0,35.0,1,True,True,True,True,False,False,True,False,False,False,False,False,False,False,False,False,False,False,False,False,False,False,True,False,True,False,False,False,False,0.9308564,1,High
0,72,110.15,7881.2,107.96164383561644,7,False,True,False,True,False,True,True,False,False,True,False,False,False,True,False,True,False,True,False,True,False,True,True,True,False,False,False,False,True,0.0054569086,0,Low
1,63,103.5,6479.4,101.240625,6,False,True,False,True,False,True,True,False,False,False,False,True,False,True,False,False,False,True,False,True,False,False,True,False,True,False,False,False,True,0.31985098,0,Medium
0,21,86.5,1808.7,82.21363636363637,3,False,True,False,True,False,True,True,False,False,False,False,False,False,False,False,False,False,False,False,True,False,False,True,False,True,False,True,False,False,0.5069233,1,Medium
0,37,40.2,1525.35,40.14078947368421,3,True,True,True,False,True,False,False,False,False,True,False,False,False,True,False,True,False,False,False,False,True,False,True,False,True,False,False,True,False,0.053867128,0,Low
0,55,100.9,5552.05,99.14375,5,True,False,False,True,False,False,True,False,False,True,False,True,False,False,False,False,False,True,False,True,True,False,True,False,False,True,False,False,True,0.21274525,0,Low
0,14,66.6,979.5,65.3,4,True,True,False,True,False,True,False,False,False,False,False,False,False,False,False,True,False,True,False,False,False,False,True,True,False,False,True,False,False,0.2897111,0,Low
0,53,71.85,3827.9,70.88703703703703,5,True,True,True,True,False,True,False,False,False,True,False,False,False,False,False,True,False,False,False,True,False,False,False,False,True,False,False,False,True,0.084731035,0,Low
0,50,84.15,4164.4,81.6549019607843,7,False,True,True,True,False,True,False,False,False,False,False,True,False,True,False,True,False,True,False,True,True,False,True,True,False,False,False,False,True,0.016291883,0,Low
1,38,102.6,4009.2,102.8,6,True,True,False,True,False,True,True,False,False,False,False,True,False,True,False,False,False,True,False,True,False,False,True,False,True,False,False,True,False,0.7691973,0,High
1,30,99.7,2967.35,95.72096774193548,5,False,False,False,True,False,True,True,False,False,False,False,True,False,False,False,False,False,True,False,True,False,False,True,False,True,False,False,True,False,0.6201991,1,High
0,28,59.9,1654.7,57.05862068965517,4,False,False,False,True,False,False,False,False,False,True,False,True,False,False,False,True,False,False,False,False,True,False,True,False,True,False,False,True,False,0.031171208,0,Low
1,46,59.9,2816.65,59.92872340425532,5,True,True,False,False,True,False,False,False,False,False,False,True,False,True,False,True,False,True,False,True,True,False,True,False,False,False,False,True,False,0.22369108,1,Low
0,67,20.55,1343.4,19.75588235294118,1,False,False,False,True,False,False,False,True,True,False,True,False,True,False,True,False,True,False,True,False,True,False,False,False,True,False,False,False,True,0.006687182,0,Low
0,1,45.95,45.95,22.975,1,False,False,False,True,False,False,False,False,False,False,False,False,False,False,False,False,False,False,False,False,False,False,False,False,False,True,False,False,False,0.6284348,1,High
0,50,19.8,1013.2,19.866666666666667,1,True,True,False,True,False,False,False,True,True,False,True,False,True,False,True,False,True,False,True,False,False,True,False,False,True,False,False,False,True,0.012479147,0,Low
0,56,98.0,5270.6,92.46666666666667,5,False,True,False,True,False,True,True,False,False,True,False,False,False,False,False,False,False,True,False,True,True,False,True,False,True,False,False,False,True,0.37854087,0,Medium
0,1,19.95,19.95,9.975,1,True,False,False,True,False,False,False,True,True,False,True,False,True,False,True,False,True,False,True,False,False,False,False,False,False,True,False,False,False,0.83960646,0,High
0,3,35.1,101.1,25.275,2,True,True,False,False,True,False,False,False,False,True,False,False,False,False,False,True,False,False,False,False,False,False,False,False,False,True,False,False,False,0.4023395,0,Medium
0,72,109.55,8165.1,111.85068493150685,7,False,True,False,True,False,True,True,False,False,True,False,True,False,True,False,False,False,True,False,True,False,True,True,False,True,False,False,False,True,0.015017964,0,Low
0,48,60.35,2896.4,59.11020408163265,4,False,False,False,True,False,False,False,False,False,True,False,False,False,True,False,True,False,False,False,False,True,False,True,True,False,False,False,True,False,0.035041463,1,Low
0,9,39.55,373.0,37.3,3,True,False,False,False,True,False,False,False,False,True,False,True,False,True,False,False,False,False,False,False,True,False,False,False,False,True,False,False,False,0.13663962,0,Low
0,19,69.6,1394.55,69.72749999999999,4,True,False,False,True,False,True,False,False,False,False,False,False,False,False,False,False,False,True,False,True,False,False,False,False,False,True,True,False,False,0.044114754,0,Low
0,46,81.0,3846.35,81.83723404255319,6,True,True,True,True,False,False,False,False,False,True,False,False,False,True,False,True,False,True,False,True,False,True,False,False,False,True,False,True,False,0.0057221106,0,Low
0,56,107.25,6033.3,105.84736842105264,6,True,True,False,True,False,True,True,False,False,False,False,True,False,False,False,True,False,True,False,True,True,False,True,False,True,False,False,False,True,0.28274262,0,Low
0,35,83.15,2848.45,79.1236111111111,3,True,False,False,True,False,True,True,False,False,False,False,False,False,False,False,False,False,True,False,False,False,False,False,False,True,False,False,True,False,0.46988854,0,Medium
0,25,19.8,475.2,18.276923076923076,1,False,False,False,True,False,False,False,True,True,False,True,False,True,False,True,False,True,False,True,False,False,True,False,True,False,False,False,True,False,0.012259374,0,Low
0,21,68.65,1493.2,67.87272727272727,1,False,False,False,True,False,False,True,False,False,False,False,False,False,False,False,False,False,False,False,False,False,False,True,False,True,False,True,False,False,0.43622476,0,Medium
0,71,25.35,1847.55,25.660416666666666,2,True,True,True,True,False,True,False,True,True,False,True,False,True,False,True,False,True,False,True,False,False,True,False,True,False,False,False,False,True,0.0023351072,0,Low
0,1,79.35,79.35,39.675,2,False,True,False,True,False,False,True,False,False,False,False,False,False,False,False,False,False,True,False,False,False,False,True,False,False,False,False,False,False,0.9718546,1,High
0,62,84.5,5193.2,82.43174603174603,7,False,False,False,True,False,True,False,False,False,False,False,True,False,True,False,True,False,True,False,True,False,True,False,False,False,False,False,False,True,0.005305414,0,Low
0,53,78.75,3942.45,73.00833333333333,6,True,True,True,True,False,True,False,False,False,False,False,False,False,True,False,True,False,True,False,True,True,False,True,False,False,True,False,False,True,0.04320906,0,Low
0,2,74.9,136.05,45.35,2,False,False,False,True,False,True,True,False,False,False,False,False,False,False,False,False,False,False,False,False,False,False,True,False,False,True,False,False,False,0.82384926,0,High
1,72,93.05,6735.05,92.26095890410959,6,True,True,False,True,False,True,True,False,False,True,False,True,False,True,False,True,False,False,False,False,False,True,True,False,False,False,False,False,True,0.008788205,0,Low
0,24,79.65,1928.7,77.148,3,False,True,False,True,False,True,True,False,False,False,False,False,False,True,False,False,False,False,False,False,False,False,True,False,False,True,True,False,False,0.1415828,0,Low
0,41,55.7,2237.55,53.275000000000006,3,True,False,False,True,False,True,False,False,False,False,False,False,False,True,False,False,False,False,False,False,False,False,True,False,False,False,False,True,False,0.08151349,0,Low
0,2,94.2,193.8,64.60000000000001,4,False,False,True,True,False,True,True,False,False,False,False,False,False,False,False,False,False,True,False,True,False,False,True,False,False,False,False,False,False,0.9532312,1,High
0,2,67.75,116.65,38.88333333333333,1,True,False,False,True,False,False,True,False,False,False,False,False,False,False,False,False,False,False,False,False,False,False,True,False,True,False,False,False,False,0.9162588,1,High
1,27,95.55,2510.2,89.64999999999999,5,True,True,False,True,False,True,True,False,False,False,False,True,False,True,False,False,False,False,False,True,False,False,True,False,True,False,False,True,False,0.6415924,1,High
1,53,101.9,5549.4,102.76666666666667,5,True,True,False,True,False,True,True,False,False,False,False,True,False,False,False,False,False,True,False,True,False,False,True,False,True,False,False,False,True,0.8909222,1,High
0,34,64.4,2088.75,59.67857142857143,5,False,False,False,True,False,True,False,False,False,True,False,True,False,False,False,True,False,False,False,False,True,False,True,False,False,True,False,True,False,0.019081961,1,Low
0,1,85.0,85.0,42.5,3,True,False,False,True,False,False,True,False,False,False,False,True,False,False,False,False,False,False,False,True,False,False,True,False,True,False,False,False,False,0.91303486,0,High
0,48,19.55,883.35,18.027551020408165,1,False,True,True,True,False,False,False,True,True,False,True,False,True,False,True,False,True,False,True,False,False,True,False,False,False,True,False,True,False,0.008477736,0,Low
1,3,75.05,256.25,64.0625,2,False,False,False,True,False,True,True,False,False,False,False,False,False,False,False,False,False,False,False,False,False,False,True,True,False,False,False,False,False,0.75836086,1,High
0,71,64.05,4492.9,62.40138888888888,5,False,True,True,True,False,False,False,False,False,True,False,True,False,True,False,True,False,False,False,False,False,True,False,True,False,False,False,False,True,0.0058864625,0,Low
0,24,85.95,2107.15,84.286,4,True,False,False,True,False,False,True,False,False,False,False,True,False,True,False,True,False,False,False,False,False,False,True,False,True,False,True,False,False,0.17735822,0,Low
1,5,70.05,302.6,50.43333333333334,1,False,True,False,True,False,False,True,False,False,False,False,False,False,False,False,False,False,False,False,False,False,False,False,False,True,False,False,False,False,0.3275444,0,Medium
1,8,75.75,606.25,67.36111111111111,2,False,False,False,True,False,True,True,False,False,False,False,False,False,False,False,False,False,False,False,False,False,False,True,False,True,False,False,False,False,0.5351613,1,Medium
0,15,19.8,309.4,19.3375,1,True,False,False,True,False,False,False,True,True,False,True,False,True,False,True,False,True,False,True,False,False,False,True,False,False,True,True,False,False,0.19260673,0,Low
1,2,74.7,165.4,55.13333333333333,2,True,False,False,True,False,False,True,False,False,False,False,True,False,False,False,False,False,False,False,False,False,False,True,False,True,False,False,False,False,0.48413047,1,Medium
0,13,25.0,332.5,23.75,2,False,True,True,True,False,True,False,True,True,False,True,False,True,False,True,False,True,False,True,False,False,True,True,False,False,False,True,False,False,0.020501727,0,Low
1,17,85.35,1463.45,81.30277777777778,4,False,True,False,True,False,True,True,False,False,True,False,False,False,True,False,False,False,False,False,False,False,False,True,False,False,False,True,False,False,0.1483563,1,Low
0,24,58.35,1346.9,53.876000000000005,4,True,True,False,True,False,True,False,False,False,True,False,False,False,False,False,True,False,False,False,False,True,False,True,False,True,False,True,False,False,0.5672721,0,Medium
0,50,20.55,1070.25,20.985294117647058,1,False,True,True,True,False,False,False,True,True,False,True,False,True,False,True,False,True,False,True,False,False,True,False,True,False,False,False,False,True,0.006986863,0,Low
0,57,74.35,4317.35,74.43706896551724,5,True,False,False,True,False,False,False,False,False,True,False,False,False,True,False,False,False,True,False,True,False,True,True,False,False,False,False,False,True,0.009684712,0,Low
1,3,25.3,77.75,19.4375,0,False,False,False,False,True,False,False,False,False,False,False,False,False,False,False,False,False,False,False,False,False,False,False,False,True,False,False,False,False,0.56993085,1,Medium
0,37,91.15,3369.25,88.66447368421052,4,True,False,False,True,False,True,True,False,False,True,False,False,False,False,False,False,False,True,False,False,False,False,True,False,True,False,False,True,False,0.21414663,0,Low
0,71,25.6,1888.25,26.225694444444443,2,False,True,False,True,False,True,False,True,True,False,True,False,True,False,True,False,True,False,True,False,False,True,False,True,False,False,False,False,True,0.0030064275,0,Low
0,72,66.5,4811.6,65.9123287671233,5,True,True,True,True,False,True,False,False,False,True,False,False,False,True,False,True,False,False,False,False,False,True,True,True,False,False,False,False,True,0.008923762,0,Low
0,52,25.6,1334.5,25.17924528301887,2,True,False,True,True,False,True,False,True,True,False,True,False,True,False,True,False,True,False,True,False,False,True,False,True,False,False,False,False,True,0.030875582,0,Low
0,4,19.85,63.0,12.6,1,True,False,False,True,False,False,False,True,True,False,True,False,True,False,True,False,True,False,True,False,False,False,True,False,True,False,False,False,False,0.35433203,0,Medium
0,9,69.5,653.25,65.325,5,True,False,False,True,False,False,False,False,False,True,False,False,False,True,False,True,False,True,False,False,False,False,True,False,False,True,False,False,False,0.40340436,0,Medium
1,7,74.85,485.25,60.65625,2,True,True,False,True,False,True,True,False,False,False,False,False,False,False,False,False,False,False,False,False,False,False,True,False,True,False,False,False,False,0.89178693,0,High
0,48,70.1,3238.4,66.08979591836734,5,False,True,True,True,False,False,False,False,False,True,False,True,False,True,False,False,False,False,False,True,False,True,True,True,False,False,False,True,False,0.017017417,0,Low
0,47,58.6,2723.4,56.737500000000004,3,False,True,False,True,False,False,False,False,False,False,False,True,False,False,False,False,False,True,False,False,False,False,True,False,False,False,False,True,False,0.062774,0,Low
1,4,72.75,317.75,63.55,2,False,False,False,True,False,False,True,False,False,False,False,True,False,False,False,False,False,False,False,False,False,False,False,False,True,False,False,False,False,0.5622943,0,Medium
0,47,103.7,4730.6,98.55416666666667,6,False,False,False,True,False,False,True,False,False,True,False,False,False,True,False,True,False,True,False,True,True,False,True,False,True,False,False,True,False,0.1173183,0,Low
0,24,29.1,688.0,27.52,1,True,True,False,False,True,False,False,False,False,False,False,False,False,True,False,False,False,False,False,False,False,False,False,False,True,False,True,False,False,0.24829401,0,Low
0,1,50.45,50.45,25.225,2,False,False,False,True,False,False,False,False,False,False,False,False,False,True,False,False,False,False,False,False,False,False,True,False,False,True,False,False,False,0.904512,1,High
0,1,44.65,44.65,22.325,3,True,False,False,False,True,False,False,False,False,False,False,True,False,False,False,True,False,False,False,True,False,False,True,False,False,True,False,False,False,0.53006506,1,Medium
0,1,19.25,19.25,9.625,1,False,True,True,True,False,False,False,True,True,False,True,False,True,False,True,False,True,False,True,False,False,False,False,False,True,False,False,False,False,0.24294227,0,Low
0,48,108.1,5067.45,103.41734693877551,6,True,False,False,True,False,True,True,False,False,False,False,True,False,True,False,False,False,True,False,True,False,True,True,False,False,False,False,True,False,0.35726953,0,Medium
0,27,20.1,562.6,20.092857142857145,1,True,False,False,True,False,False,False,True,True,False,True,False,True,False,True,False,True,False,True,False,True,False,False,False,False,False,False,True,False,0.0097380625,0,Low
0,60,59.85,3483.45,57.10573770491803,4,False,True,False,True,False,False,False,False,False,True,False,True,False,False,False,True,False,False,False,False,False,True,False,False,False,False,False,False,True,0.0038661999,0,Low
0,26,56.05,1553.2,57.525925925925925,3,False,False,False,True,False,False,False,False,False,False,False,True,False,True,False,False,False,False,False,False,True,False,True,False,False,True,False,True,False,0.06364898,0,Low
1,51,19.6,967.9,18.61346153846154,1,False,False,False,True,False,False,False,True,True,False,True,False,True,False,True,False,True,False,True,False,False,True,False,True,False,False,False,False,True,0.012961983,0,Low
0,4,79.0,303.15,60.629999999999995,2,False,False,False,True,False,False,True,False,False,False,False,False,False,False,False,False,False,True,False,False,False,False,True,False,True,False,False,False,False,0.9029986,1,High
1,26,66.05,1652.4,61.2,4,False,False,False,True,False,True,False,False,False,False,False,False,False,False,False,True,False,False,False,True,False,False,True,False,True,False,False,True,False,0.26573414,0,Low
0,41,106.5,4282.4,101.96190476190475,7,False,False,False,True,False,True,True,False,False,True,False,True,False,True,False,True,False,True,False,False,False,False,True,False,True,False,False,True,False,0.49263033,0,Medium
0,68,114.9,7843.55,113.67463768115942,8,False,True,False,True,False,True,True,False,False,True,False,True,False,True,False,True,False,True,False,True,False,True,False,False,False,False,False,False,True,0.10225357,0,Low
0,45,54.65,2553.7,55.51521739130435,3,True,True,True,True,False,False,False,False,False,True,False,False,False,False,False,True,False,False,False,False,False,True,False,False,False,False,False,True,False,0.007517512,0,Low
0,22,69.5,1498.2,65.13913043478261,4,False,True,True,True,False,False,False,False,False,False,False,True,False,False,False,False,False,True,False,True,True,False,True,False,False,False,True,False,False,0.1584153,1,Low
0,12,79.95,1043.4,80.26153846153846,2,True,False,False,True,False,False,True,False,False,False,False,False,False,False,False,False,False,False,False,True,False,False,True,False,False,False,False,False,False,0.4890805,0,Medium
0,1,43.95,43.95,21.975,1,False,False,False,True,False,False,False,False,False,False,False,False,False,False,False,False,False,False,False,False,False,False,False,True,False,False,False,False,False,0.29466805,0,Low
0,7,94.1,701.3,87.6625,4,True,False,False,True,False,True,True,False,False,False,False,False,False,False,False,False,False,True,False,True,False,False,True,False,True,False,False,False,False,0.96339613,0,High
0,1,20.2,20.2,10.1,1,False,False,False,True,False,False,False,True,True,False,True,False,True,False,True,False,True,False,True,False,False,False,True,False,False,False,False,False,False,0.3293989,1,Medium
0,13,23.9,300.8,21.485714285714288,0,False,False,False,False,True,False,False,False,False,False,False,False,False,False,False,False,False,False,False,False,False,False,True,False,True,False,True,False,False,0.56847614,1,Medium
0,51,20.45,1042.65,20.05096153846154,1,True,False,False,True,False,False,False,True,True,False,True,False,True,False,True,False,True,False,True,False,False,True,False,False,False,True,False,False,True,0.0062279794,0,Low
0,4,44.8,169.65,33.93,1,True,True,True,True,False,False,False,False,False,False,False,False,False,False,False,False,False,False,False,False,False,False,False,False,True,False,False,False,False,0.74525577,0,High
0,26,84.3,2281.6,84.5037037037037,4,True,False,False,True,False,True,True,False,False,False,False,False,False,True,False,True,False,False,False,False,False,False,True,False,False,True,False,True,False,0.108914085,0,Low
0,24,88.95,2072.75,82.91,4,False,False,False,True,False,True,True,False,False,False,False,False,False,True,False,False,False,True,False,False,False,False,True,True,False,False,True,False,False,0.2475469,0,Low
1,61,94.2,5895.45,95.08790322580644,6,False,True,False,True,False,True,True,False,False,True,False,True,False,True,False,True,False,False,False,False,False,False,True,True,False,False,False,False,True,0.030817542,0,Low
0,72,114.9,8496.7,116.39315068493151,8,False,False,False,True,False,True,True,False,False,True,False,True,False,True,False,True,False,True,False,True,False,True,True,False,True,False,False,False,True,0.010160407,0,Low
0,55,84.25,4589.85,81.96160714285715,4,False,False,False,True,False,True,True,False,False,True,False,False,False,True,False,False,False,False,False,False,True,False,True,True,False,False,False,False,True,0.051714372,0,Low
0,12,81.7,858.6,66.04615384615384,3,True,False,False,True,False,False,True,False,False,True,False,False,False,True,False,False,False,False,False,False,False,False,False,False,False,False,False,False,False,0.093680225,1,Low
0,64,93.4,5822.3,89.57384615384616,5,True,True,True,True,False,True,True,False,False,True,False,False,False,True,False,False,False,False,False,True,False,True,False,False,False,False,False,False,True,0.04926215,0,Low
1,37,96.55,3580.3,94.21842105263158,4,False,False,False,True,False,True,True,False,False,False,False,False,False,False,False,False,False,True,False,True,False,False,True,False,True,False,False,True,False,0.83396477,1,High
0,72,88.7,6301.7,86.32465753424657,8,True,True,False,True,False,True,False,False,False,True,False,True,False,True,False,True,False,True,False,True,False,True,True,True,False,False,False,False,True,0.0012615337,0,Low
0,11,19.5,226.8,18.900000000000002,1,True,False,False,True,False,False,False,True,True,False,True,False,True,False,True,False,True,False,True,False,True,False,False,False,False,True,False,False,False,0.016653541,0,Low
1,52,109.1,5647.95,106.56509433962263,7,False,True,False,True,False,True,True,False,False,True,False,True,False,True,False,False,False,True,False,True,False,False,True,False,True,False,False,False,True,0.22571605,0,Low
0,58,44.1,2413.05,40.89915254237288,1,False,True,True,True,False,False,False,False,False,False,False,False,False,False,False,False,False,False,False,False,True,False,True,False,False,True,False,False,True,0.017015815,0,Low
0,4,55.2,220.65,44.13,3,False,False,False,True,False,False,False,False,False,True,False,True,False,False,False,False,False,False,False,False,False,False,False,False,True,False,False,False,False,0.33113074,0,Medium
0,38,20.3,749.35,19.214102564102564,1,False,True,True,True,False,False,False,True,True,False,True,False,True,False,True,False,True,False,True,False,True,False,False,False,False,True,False,True,False,0.0038776945,0,Low
0,3,20.85,60.65,15.1625,1,True,False,True,True,False,False,False,True,True,False,True,False,True,False,True,False,True,False,True,False,False,False,False,False,False,True,False,False,False,0.1616811,0,Low
0,62,92.3,5731.45,90.97539682539683,5,True,False,False,True,False,True,True,False,False,True,False,True,False,False,False,False,False,False,False,True,True,False,True,False,False,False,False,False,True,0.113211304,0,Low
0,8,54.25,447.75,49.75,3,False,False,False,True,False,False,False,False,False,True,False,False,False,False,False,True,False,False,False,False,True,False,False,False,False,False,False,False,False,0.05483211,0,Low
0,16,19.75,313.4,18.435294117647057,1,True,True,True,True,False,False,False,True,True,False,True,False,True,False,True,False,True,False,True,False,False,False,False,False,True,False,True,False,False,0.2800874,0,Low
0,8,43.55,335.4,37.266666666666666,1,True,False,False,True,False,False,False,False,False,False,False,False,False,False,False,False,False,False,False,False,False,False,False,False,False,True,False,False,False,0.24823193,0,Low
0,1,19.8,19.8,9.9,1,True,False,False,True,False,False,False,True,True,False,True,False,True,False,True,False,True,False,True,False,False,False,False,False,False,True,False,False,False,0.7689262,1,High
0,52,50.2,2554.0,48.18867924528302,4,True,True,True,False,True,False,False,False,False,False,False,True,False,True,False,True,False,True,False,False,False,True,False,False,False,True,False,False,True,0.018625528,0,Low
0,72,26.0,1776.0,24.328767123287673,2,False,True,False,True,False,True,False,True,True,False,True,False,True,False,True,False,True,False,True,False,False,True,True,False,False,True,False,False,True,0.0023988627,0,Low
1,16,69.65,1043.3,61.370588235294115,1,True,False,False,True,False,False,True,False,False,False,False,False,False,False,False,False,False,False,False,False,False,False,False,False,True,False,True,False,False,0.7226028,0,High
0,18,89.6,1633.0,85.94736842105263,4,True,False,False,True,False,True,True,False,False,False,False,False,False,True,False,False,False,True,False,False,True,False,True,True,False,False,True,False,False,0.20394808,0,Low
0,1,20.25,20.25,10.125,1,True,False,False,True,False,False,False,True,True,False,True,False,True,False,True,False,True,False,True,False,False,False,False,False,False,True,False,False,False,0.48267713,1,Medium
0,72,75.4,5480.25,75.07191780821918,5,True,True,True,True,False,False,False,False,False,False,False,True,False,True,False,False,False,True,False,True,False,True,True,False,False,False,False,False,True,0.008092478,0,Low
0,49,20.7,1032.05,20.641,1,False,True,False,True,False,False,False,True,True,False,True,False,True,False,True,False,True,False,True,False,True,False,False,True,False,False,False,False,True,0.010192949,0,Low
0,1,44.0,44.0,22.0,1,True,False,False,True,False,False,False,False,False,False,False,False,False,False,False,False,False,False,False,False,False,False,False,False,True,False,False,False,False,0.3274417,0,Medium
0,51,93.5,4619.55,88.8375,5,False,True,False,True,False,False,True,False,False,True,False,True,False,True,False,False,False,True,False,False,True,False,True,False,True,False,False,False,True,0.1144194,0,Low
1,72,97.25,7133.1,97.71369863013699,5,True,True,False,True,False,True,True,False,False,False,False,True,False,False,False,False,False,True,False,True,True,False,True,True,False,False,False,False,True,0.06288661,0,Low
1,72,77.35,5396.25,73.92123287671232,6,True,True,False,True,False,True,False,False,False,False,False,True,False,True,False,True,False,True,False,False,False,True,False,True,False,False,False,False,True,0.02967172,0,Low
0,16,19.05,326.65,19.21470588235294,1,False,False,False,True,False,False,False,True,True,False,True,False,True,False,True,False,True,False,True,False,True,False,False,False,False,True,True,False,False,0.009210671,0,Low
0,16,84.9,1398.25,82.25,7,True,True,True,True,False,True,False,False,False,True,False,True,False,False,False,True,False,True,False,True,False,False,False,False,True,False,True,False,False,0.32193965,0,Medium
0,1,19.65,19.65,9.825,1,True,False,False,True,False,False,False,True,True,False,True,False,True,False,True,False,True,False,True,False,False,False,False,False,False,False,False,False,False,0.22728023,0,Low
0,10,85.6,813.85,73.98636363636363,3,True,True,False,True,False,True,True,False,False,False,False,False,False,False,False,False,False,True,False,False,False,False,True,False,True,False,False,False,False,0.9209432,1,High
0,57,100.75,5985.0,103.1896551724138,5,False,True,False,True,False,True,True,False,False,False,False,False,False,True,False,False,False,True,False,True,True,False,True,True,False,False,False,False,True,0.29811072,0,Low
0,32,90.8,3023.85,91.63181818181818,4,True,True,True,True,False,False,True,False,False,True,False,True,False,False,False,False,False,False,False,True,True,False,True,False,True,False,False,True,False,0.24845642,0,Low
0,72,101.3,7261.25,99.46917808219177,6,False,False,False,True,False,True,True,False,False,True,False,True,False,True,False,False,False,True,False,False,False,True,True,False,False,False,False,False,True,0.012173978,0,Low
1,58,97.8,5458.8,92.52203389830508,5,False,True,False,True,False,True,True,False,False,False,False,True,False,False,False,False,False,True,False,True,True,False,True,False,False,False,False,False,True,0.4274165,0,Medium
0,23,73.75,1756.6,73.19166666666666,5,False,False,False,True,False,True,False,False,False,False,False,False,False,False,False,True,False,True,False,True,True,False,True,False,False,True,True,False,False,0.08256669,0,Low
1,25,89.5,2196.15,84.4673076923077,4,True,False,False,True,False,True,True,False,False,False,False,True,False,False,False,False,False,True,False,False,False,False,True,False,True,False,False,True,False,0.87063134,1,High
0,32,19.45,674.55,20.440909090909088,1,True,True,True,True,False,False,False,True,True,False,True,False,True,False,True,False,True,False,True,False,False,False,True,True,False,False,False,True,False,0.107703485,0,Low
0,69,104.0,7028.5,100.40714285714286,6,False,False,False,True,False,True,True,False,False,False,False,False,False,True,False,True,False,True,False,True,False,True,False,False,True,False,False,False,True,0.14127879,0,Low
0,72,109.5,7854.9,107.60136986301369,7,False,True,True,True,False,False,True,False,False,True,False,True,False,True,False,True,False,True,False,True,False,True,True,True,False,False,False,False,True,0.01085263,0,Low
0,50,35.4,1748.9,34.2921568627451,2,True,False,False,False,True,False,False,False,False,True,False,False,False,False,False,True,False,False,False,False,True,False,True,False,False,True,False,False,True,0.0125429295,0,Low
0,28,106.1,2847.4,98.18620689655172,6,True,True,True,True,False,True,True,False,False,True,False,True,False,False,False,False,False,True,False,True,True,False,False,False,True,False,False,True,False,0.30973625,1,Medium
0,10,20.1,184.4,16.763636363636365,1,False,True,False,True,False,False,False,True,True,False,True,False,True,False,True,False,True,False,True,False,True,False,False,False,False,True,False,False,False,0.050084766,0,Low
0,58,94.7,5430.35,92.03983050847458,5,True,True,True,True,False,True,True,False,False,False,False,True,False,False,False,True,False,True,False,False,True,False,True,True,False,False,False,False,True,0.08894239,0,Low
1,7,75.4,533.05,66.63125,2,True,True,False,True,False,True,True,False,False,False,False,False,False,False,False,False,False,False,False,False,False,False,True,False,True,False,False,False,False,0.8162592,0,High
0,4,49.35,219.65,43.93,2,True,False,True,True,False,False,False,False,False,True,False,False,False,False,False,False,False,False,False,False,False,False,False,False,True,False,False,False,False,0.34594086,1,Medium
0,34,60.8,2042.05,58.34428571428571,4,False,True,True,True,False,False,False,False,False,True,False,True,False,True,False,False,False,False,False,False,True,False,True,False,False,True,False,True,False,0.034043226,0,Low
0,70,115.15,8250.0,116.19718309859155,8,False,True,True,True,False,True,True,False,False,True,False,True,False,True,False,True,False,True,False,True,False,True,True,True,False,False,False,False,True,0.061340094,0,Low
1,71,72.9,5139.65,71.38402777777777,6,True,True,True,True,False,True,False,False,False,False,False,True,False,True,False,True,False,False,False,True,True,False,True,False,False,False,False,False,True,0.082576156,0,Low
0,21,103.85,2215.0,100.68181818181819,6,True,False,False,True,False,True,True,False,False,True,False,False,False,True,False,False,False,True,False,True,False,False,False,False,False,True,True,False,False,0.8073937,0,High
0,56,60.25,3282.75,57.5921052631579,4,False,False,False,True,False,False,False,False,False,True,False,False,False,True,False,True,False,False,False,False,True,False,True,True,False,False,False,False,True,0.023473727,0,Low
0,71,76.9,5522.7,76.70416666666667,6,True,False,True,True,False,False,False,False,False,True,False,True,False,True,False,True,False,True,False,False,False,True,True,True,False,False,False,False,True,0.0043634386,0,Low
0,14,87.25,1258.6,83.90666666666667,4,False,True,True,True,False,True,True,False,False,False,False,False,False,True,False,False,False,False,False,True,False,False,True,False,True,False,True,False,False,0.88773966,1,High
0,41,19.5,798.2,19.004761904761907,1,True,True,True,True,False,False,False,True,True,False,True,False,True,False,True,False,True,False,True,False,True,False,False,False,False,False,False,True,False,0.007008722,0,Low
0,3,74.4,215.8,53.95,2,False,False,False,True,False,True,True,False,False,False,False,False,False,False,False,False,False,False,False,False,False,False,False,False,False,False,False,False,False,0.5573053,1,Medium
0,58,20.5,1191.4,20.193220338983053,1,False,True,True,True,False,False,False,True,True,False,True,False,True,False,True,False,True,False,True,False,False,True,False,True,False,False,False,False,True,0.004802593,0,Low
0,72,65.7,4575.35,62.67602739726028,6,False,True,True,False,True,False,False,False,False,True,False,True,False,True,False,True,False,True,False,True,False,True,False,False,False,False,False,False,True,0.0029650072,0,Low
0,13,89.4,1132.35,80.88214285714285,5,False,False,False,True,False,True,True,False,False,False,False,True,False,True,False,True,False,False,False,False,False,False,False,False,True,False,True,False,False,0.2908652,1,Low
0,43,79.15,3566.6,81.05909090909091,6,True,True,True,True,False,False,False,False,False,True,False,False,False,True,False,True,False,True,False,True,False,True,True,True,False,False,False,True,False,0.012995739,0,Low
0,41,51.35,2075.1,49.40714285714286,3,True,False,False,False,True,False,False,False,False,False,False,False,False,True,False,False,False,True,False,True,True,False,True,False,True,False,False,True,False,0.4482029,0,Medium
0,2,70.0,153.05,51.01666666666667,1,False,False,False,True,False,False,True,False,False,False,False,False,False,False,False,False,False,False,False,False,False,False,False,False,False,False,False,False,False,0.49457666,1,Medium
0,1,20.3,20.3,10.15,1,False,False,False,True,False,False,False,True,True,False,True,False,True,False,True,False,True,False,True,False,False,False,False,True,False,False,False,False,False,0.11608543,0,Low
0,4,79.9,324.3,64.86,2,True,False,False,True,False,False,True,False,False,False,False,False,False,False,False,False,False,False,False,True,False,False,True,False,True,False,False,False,False,0.7878604,1,High
0,1,19.9,19.9,9.95,1,True,False,False,True,False,False,False,True,True,False,True,False,True,False,True,False,True,False,True,False,False,False,True,False,False,True,False,False,False,0.8810356,0,High
0,72,114.1,8086.4,110.77260273972603,8,True,True,False,True,False,True,True,False,False,True,False,True,False,True,False,True,False,True,False,True,False,True,True,True,False,False,False,False,True,0.006886454,0,Low
0,69,64.15,4254.1,60.77285714285715,5,False,True,True,True,False,True,False,False,False,True,False,False,False,True,False,True,False,False,False,False,False,True,True,True,False,False,False,False,True,0.016797518,0,Low
0,27,45.85,1246.4,44.51428571428572,3,True,True,True,False,True,False,False,False,False,False,False,True,False,True,False,False,False,False,False,True,True,False,True,True,False,False,False,True,False,0.245434,0,Low
0,14,59.8,824.85,54.99,3,False,False,True,True,False,False,False,False,False,False,False,False,False,True,False,False,False,True,False,False,False,False,True,True,False,False,True,False,False,0.14274558,0,Low
0,19,45.0,865.85,43.292500000000004,1,True,False,False,True,False,False,False,False,False,False,False,False,False,False,False,False,False,False,False,False,False,False,True,False,False,False,True,False,False,0.16625957,0,Low
0,18,95.95,1745.5,91.86842105263158,4,False,True,False,True,False,False,True,False,False,False,False,False,False,True,False,False,False,True,False,True,False,False,True,True,False,False,True,False,False,0.48623726,0,Medium
0,5,90.35,434.5,72.41666666666667,4,True,True,True,True,False,False,True,False,False,True,False,False,False,True,False,False,False,False,False,True,False,False,True,False,False,True,False,False,False,0.8397585,0,High
0,28,100.35,2799.0,96.51724137931035,5,True,True,True,True,False,False,True,False,False,False,False,True,False,True,False,False,False,True,False,True,True,False,False,False,False,False,False,True,False,0.105704874,0,Low
0,30,74.65,2308.6,74.47096774193548,6,False,False,False,True,False,False,False,False,False,True,False,True,False,True,False,True,False,True,False,False,True,False,False,True,False,False,False,True,False,0.18330058,0,Low
1,71,104.05,7413.55,102.96597222222222,5,False,False,False,True,False,True,True,False,False,False,False,False,False,True,False,False,False,True,False,True,False,True,False,False,False,False,False,False,True,0.024835562,0,Low
0,1,53.95,53.95,26.975,3,True,False,False,True,False,False,False,False,False,True,False,False,False,False,False,True,False,False,False,False,False,False,True,False,True,False,False,False,False,0.48605403,1,Medium
0,71,97.2,6910.3,95.97638888888889,5,True,True,True,True,False,True,True,False,False,True,False,False,False,False,False,False,False,True,False,True,False,True,True,False,True,False,False,False,True,0.08908536,0,Low
0,32,62.45,2045.55,61.986363636363635,4,False,True,True,True,False,True,False,False,False,False,False,True,False,True,False,False,False,False,False,False,False,False,False,False,False,False,False,True,False,0.06655544,0,Low
1,70,75.5,5212.65,73.41760563380281,6,False,False,False,True,False,True,False,False,False,False,False,True,False,True,False,True,False,True,False,False,False,True,True,False,False,False,False,False,True,0.06598549,0,Low
0,1,55.25,55.25,27.625,2,True,False,False,True,False,False,False,False,False,False,False,False,False,False,False,False,False,False,False,True,False,False,True,False,True,False,False,False,False,0.78554875,0,High
0,1,71.0,71.0,35.5,1,True,True,True,True,False,False,True,False,False,False,False,False,False,False,False,False,False,False,False,False,False,False,True,False,True,False,False,False,False,0.93847895,1,High
1,4,48.75,179.85,35.97,2,False,False,False,True,False,True,False,False,False,False,False,False,False,False,False,False,False,False,False,False,False,False,False,False,False,True,False,False,False,0.5258416,0,Medium
1,43,94.3,3953.15,89.84431818181818,5,True,True,False,True,False,True,True,False,False,False,False,True,False,False,False,True,False,True,False,False,False,False,True,False,True,False,False,True,False,0.25420868,0,Low
0,72,92.3,6719.9,92.05342465753424,8,True,True,False,True,False,True,False,False,False,True,False,True,False,True,False,True,False,True,False,True,False,True,False,True,False,False,False,False,True,0.001651548,0,Low
1,72,114.95,8196.4,112.27945205479452,8,True,True,True,True,False,True,True,False,False,True,False,True,False,True,False,True,False,True,False,True,False,True,True,False,False,False,False,False,True,0.007969984,0,Low
1,4,74.4,306.6,61.32000000000001,2,True,True,False,True,False,True,True,False,False,False,False,False,False,False,False,False,False,False,False,False,False,False,True,False,False,True,False,False,False,0.8687039,1,High
0,24,24.6,605.25,24.21,2,False,False,False,True,False,True,False,True,True,False,True,False,True,False,True,False,True,False,True,False,True,False,False,False,False,False,True,False,False,0.03673534,0,Low
1,1,95.1,95.1,47.55,4,True,True,False,True,False,True,True,False,False,False,False,False,False,False,False,False,False,True,False,True,False,False,True,False,True,False,False,False,False,0.9658337,1,High
0,1,18.85,18.85,9.425,1,False,False,False,True,False,False,False,True,True,False,True,False,True,False,True,False,True,False,True,False,False,False,False,False,True,False,False,False,False,0.25986373,0,Low
1,14,95.6,1273.3,84.88666666666667,4,True,False,False,True,False,True,True,False,False,False,False,False,False,False,False,False,False,True,False,True,False,False,True,False,True,False,True,False,False,0.7832745,0,High
1,36,84.1,3021.6,81.66486486486487,3,True,True,False,True,False,True,True,False,False,False,False,False,False,False,False,False,False,False,False,True,False,False,True,False,True,False,False,True,False,0.8736449,1,High
0,40,81.2,3292.3,80.30000000000001,3,True,True,True,True,False,True,True,False,False,False,False,False,False,True,False,False,False,False,False,False,False,False,True,False,True,False,False,True,False,0.6034584,0,High
1,67,105.05,7171.7,105.46617647058824,6,True,False,False,True,False,False,True,False,False,True,False,True,False,False,False,True,False,True,False,True,False,True,True,False,True,False,False,False,True,0.11338285,0,Low
0,69,92.15,6480.9,92.58428571428571,4,True,True,True,True,False,False,True,False,False,False,False,True,False,False,False,True,False,True,False,False,False,True,True,False,False,True,False,False,True,0.028824039,0,Low
0,1,20.6,20.6,10.3,1,True,False,False,True,False,False,False,True,True,False,True,False,True,False,True,False,True,False,True,False,False,False,False,False,False,True,False,False,False,0.78969723,0,High
0,10,40.25,411.45,37.404545454545456,3,False,False,True,False,True,False,False,False,False,True,False,True,False,False,False,True,False,False,False,False,True,False,False,False,False,True,False,False,False,0.03056545,0,Low
0,55,57.55,3046.4,54.4,4,True,True,True,True,False,False,False,False,False,True,False,True,False,False,False,True,False,False,False,False,False,True,False,False,False,False,False,False,True,0.0053350283,1,Low
0,68,113.15,7856.0,113.85507246376811,8,True,True,True,True,False,True,True,False,False,True,False,True,False,True,False,True,False,True,False,True,False,True,True,False,True,False,False,False,True,0.2571888,1,Low
1,66,99.5,6822.15,101.82313432835821,5,True,True,True,True,False,True,True,False,False,False,False,False,False,True,False,False,False,True,False,True,False,False,True,True,False,False,False,False,True,0.67781276,1,High
0,7,69.9,497.3,62.1625,1,False,False,False,True,False,False,True,False,False,False,False,False,False,False,False,False,False,False,False,False,False,False,True,False,False,True,False,False,False,0.46701628,0,Medium
0,10,20.15,220.8,20.072727272727274,1,False,True,True,True,False,False,False,True,True,False,True,False,True,False,True,False,True,False,True,False,False,True,False,False,False,True,False,False,False,0.018049465,0,Low
0,1,29.15,29.15,14.575,1,True,False,False,False,True,False,False,False,False,False,False,False,False,False,False,True,False,False,False,False,False,False,False,False,False,True,False,False,False,0.70329016,0,High
0,55,19.35,1153.25,20.59375,1,True,True,True,True,False,False,False,True,True,False,True,False,True,False,True,False,True,False,True,False,False,True,False,False,False,False,False,False,True,0.03813337,0,Low
0,45,107.75,4882.8,106.14782608695653,6,True,True,False,True,False,True,True,False,False,False,False,True,False,True,False,False,False,True,False,True,False,False,True,False,False,False,False,True,False,0.7010116,0,High
0,10,67.8,653.15,59.377272727272725,4,False,True,False,True,False,False,False,False,False,False,False,False,False,True,False,False,False,True,False,True,False,False,True,True,False,False,False,False,False,0.25153485,0,Low
0,69,116.0,8182.85,116.89785714285715,8,False,True,False,True,False,True,True,False,False,True,False,True,False,True,False,True,False,True,False,True,False,True,True,False,True,False,False,False,True,0.0752624,0,Low
1,1,85.05,85.05,42.525,3,False,False,False,True,False,True,True,False,False,False,False,False,False,False,False,False,False,False,False,True,False,False,True,False,True,False,False,False,False,0.981954,1,High
0,33,25.7,826.1,24.29705882352941,2,False,False,False,True,False,True,False,True,True,False,True,False,True,False,True,False,True,False,True,False,False,True,False,True,False,False,False,True,False,0.03766011,0,Low
0,45,81.65,3618.7,78.66739130434782,6,False,False,False,True,False,False,False,False,False,True,False,False,False,True,False,True,False,True,False,True,False,True,False,False,False,False,False,True,False,0.004636777,0,Low
0,1,44.75,44.75,22.375,1,False,False,False,True,False,False,False,False,False,False,False,False,False,False,False,False,False,False,False,False,False,False,False,False,False,True,False,False,False,0.5622224,0,Medium
0,31,71.05,2168.15,67.7546875,5,True,False,False,True,False,True,False,False,False,False,False,True,False,False,False,True,False,True,False,False,False,False,True,False,True,False,False,True,False,0.1143872,0,Low
0,50,20.35,938.95,18.41078431372549,1,True,True,True,True,False,False,False,True,True,False,True,False,True,False,True,False,True,False,True,False,True,False,True,False,False,True,False,False,True,0.0066376626,0,Low
0,57,87.55,4884.85,84.22155172413794,5,False,False,False,True,False,True,True,False,False,True,False,True,False,False,False,True,False,False,False,False,False,False,True,False,False,False,False,False,True,0.022252733,0,Low
0,1,74.25,74.25,37.125,2,True,False,False,True,False,True,True,False,False,False,False,False,False,False,False,False,False,False,False,False,False,False,True,False,False,True,False,False,False,0.9395755,1,High
0,2,75.8,160.75,53.583333333333336,2,False,False,False,True,False,False,True,False,False,False,False,False,False,True,False,False,False,False,False,False,False,False,True,False,True,False,False,False,False,0.8650903,1,High
0,3,105.35,323.25,80.8125,6,True,False,False,True,False,True,True,False,False,False,False,True,False,True,False,False,False,True,False,True,False,False,True,False,False,False,False,False,False,0.692075,1,High
1,67,94.65,6079.0,89.3970588235294,4,True,True,False,True,False,True,True,False,False,False,False,False,False,False,False,False,False,True,False,True,False,False,True,True,False,False,False,False,True,0.54349846,0,Medium
1,42,104.75,4323.45,100.5453488372093,6,False,False,False,True,False,True,True,False,False,False,False,True,False,True,False,False,False,True,False,True,False,False,True,False,False,False,False,True,False,0.43452835,1,Medium
0,70,26.0,2006.95,28.266901408450703,2,False,True,False,True,False,True,False,True,True,False,True,False,True,False,True,False,True,False,True,False,False,True,True,False,False,False,False,False,True,0.0024235246,0,Low
0,71,20.85,1539.75,21.385416666666668,1,True,True,False,True,False,False,False,True,True,False,True,False,True,False,True,False,True,False,True,False,True,False,False,False,True,False,False,False,True,0.015318778,0,Low
0,9,75.85,724.65,72.465,2,True,False,False,True,False,True,True,False,False,False,False,False,False,False,False,False,False,False,False,False,False,False,True,False,True,False,False,False,False,0.69360745,0,High
0,72,45.25,3139.8,43.01095890410959,4,True,True,True,False,True,False,False,False,False,True,False,True,False,True,False,True,False,False,False,False,False,True,False,True,False,False,False,False,True,0.0053499253,0,Low
0,53,105.25,5576.3,103.26481481481481,6,True,True,True,True,False,True,True,False,False,False,False,True,False,True,False,False,False,True,False,True,True,False,True,False,True,False,False,False,True,0.7161649,0,High
1,19,105.0,2007.25,100.3625,6,False,False,False,True,False,False,True,False,False,True,False,True,False,False,False,True,False,True,False,True,False,False,True,False,False,True,True,False,False,0.4259248,0,Medium
0,9,94.4,857.25,85.725,4,False,False,False,True,False,True,True,False,False,False,False,False,False,False,False,False,False,True,False,True,False,False,False,False,True,False,False,False,False,0.84150904,1,High
0,72,105.5,7611.55,104.26780821917808,6,True,True,True,True,False,False,True,False,False,True,False,True,False,False,False,True,False,True,False,True,False,True,False,False,False,False,False,False,True,0.023908064,0,Low
0,20,39.4,825.4,39.304761904761904,3,True,True,True,False,True,False,False,False,False,True,False,False,False,True,False,True,False,False,False,False,False,True,True,True,False,False,True,False,False,0.057320002,0,Low
0,43,20.0,817.95,18.589772727272727,1,False,True,True,True,False,False,False,True,True,False,True,False,True,False,True,False,True,False,True,False,True,False,False,False,False,True,False,True,False,0.004455231,0,Low
0,50,79.6,4024.2,78.90588235294118,6,False,False,False,True,False,True,False,False,False,False,False,True,False,False,False,True,False,True,False,True,False,True,True,False,False,True,False,False,True,0.011399972,0,Low
0,55,89.8,4959.6,88.56428571428572,4,False,True,False,True,False,True,True,False,False,True,False,False,False,False,False,False,False,True,False,False,False,False,True,False,False,False,False,False,True,0.056458887,0,Low
0,2,94.2,167.5,55.833333333333336,4,True,True,False,True,False,False,True,False,False,False,False,False,False,False,False,True,False,True,False,True,False,False,True,False,True,False,False,False,False,0.82011336,1,High
0,9,20.35,191.1,19.11,1,False,True,True,True,False,False,False,True,True,False,True,False,True,False,True,False,True,False,True,False,False,True,False,False,False,True,False,False,False,0.009300777,0,Low
0,10,33.9,298.45,27.13181818181818,1,True,False,False,False,True,False,False,False,False,False,False,False,False,False,False,False,False,False,False,True,False,False,True,False,False,True,False,False,False,0.51498234,1,Medium
0,71,77.35,5550.1,77.08472222222223,6,False,False,False,True,False,False,False,False,False,True,False,True,False,True,False,True,False,True,False,False,False,True,False,True,False,False,False,False,True,0.0046313335,0,Low
0,32,84.15,2585.95,78.36212121212121,3,False,True,False,True,False,False,True,False,False,False,False,True,False,False,False,False,False,False,False,True,False,False,False,False,False,False,False,True,False,0.40766826,1,Medium
1,3,105.9,334.65,83.6625,6,True,True,False,True,False,True,True,False,False,False,False,True,False,True,False,False,False,True,False,True,False,False,True,False,True,False,False,False,False,0.8143195,1,High
1,16,74.3,1178.25,69.30882352941177,2,True,True,False,True,False,False,True,False,False,False,False,True,False,False,False,False,False,False,False,False,False,False,True,True,False,False,True,False,False,0.7979142,1,High
0,25,69.75,1729.35,66.51346153846154,1,True,False,False,True,False,False,True,False,False,False,False,False,False,False,False,False,False,False,False,False,False,False,False,False,True,False,False,True,False,0.35344285,0,Medium
0,38,70.45,2597.6,66.6051282051282,1,True,False,False,True,False,False,True,False,False,False,False,False,False,False,False,False,False,False,False,False,True,False,True,False,False,False,False,True,False,0.11324295,1,Low
0,40,20.15,804.85,19.63048780487805,1,False,False,False,True,False,False,False,True,True,False,True,False,True,False,True,False,True,False,True,False,False,True,False,False,False,True,False,True,False,0.002781015,0,Low
0,61,24.2,1445.2,23.309677419354838,2,False,True,True,True,False,True,False,True,True,False,True,False,True,False,True,False,True,False,True,False,False,True,True,False,False,True,False,False,True,0.009623653,0,Low
0,25,20.05,520.1,20.003846153846155,1,False,True,True,True,False,False,False,True,True,False,True,False,True,False,True,False,True,False,True,False,True,False,False,False,False,True,False,True,False,0.005171716,0,Low
0,48,95.5,4627.85,94.44591836734695,5,False,False,True,True,False,False,True,False,False,False,False,True,False,True,False,True,False,True,False,False,False,True,True,False,False,True,False,True,False,0.02134833,1,Low
0,3,69.55,222.3,55.575,1,False,False,False,True,False,False,True,False,False,False,False,False,False,False,False,False,False,False,False,False,False,False,True,False,False,False,False,False,False,0.65233463,1,High
0,63,108.25,6780.1,105.9390625,7,False,False,False,True,False,True,True,False,False,True,False,True,False,True,False,False,False,True,False,True,False,False,False,True,False,False,False,False,True,0.06096631,0,Low
1,37,76.25,2841.55,74.77763157894738,2,False,False,False,True,False,True,True,False,False,False,False,False,False,False,False,False,False,False,False,False,False,False,True,False,True,False,False,True,False,0.5624212,1,Medium
0,1,49.8,49.8,24.9,2,True,False,False,True,False,False,False,False,False,True,False,False,False,False,False,False,False,False,False,False,False,False,True,True,False,False,False,False,False,0.36691976,0,Medium
0,17,80.85,1400.85,77.82499999999999,2,True,True,True,True,False,False,True,False,False,False,False,False,False,False,False,False,False,True,False,False,False,False,False,False,True,False,True,False,False,0.5618009,1,Medium
0,3,69.35,191.35,47.8375,4,True,False,False,True,False,False,False,False,False,False,False,False,False,False,False,True,False,True,False,True,False,False,True,False,True,False,False,False,False,0.24758115,1,Low
0,21,86.05,1818.9,82.67727272727274,3,False,True,False,True,False,False,True,False,False,False,False,False,False,False,False,True,False,True,False,False,False,False,True,False,True,False,True,False,False,0.5211069,0,Medium
0,67,36.15,2434.45,35.80073529411764,2,False,True,True,False,True,False,False,False,False,True,False,True,False,False,False,False,False,False,False,False,False,True,False,False,False,False,False,False,True,0.0056235576,0,Low
0,34,20.1,682.1,19.48857142857143,1,False,True,True,True,False,False,False,True,True,False,True,False,True,False,True,False,True,False,True,False,True,False,True,False,False,False,False,True,False,0.015647637,0,Low
0,18,90.7,1597.25,84.0657894736842,4,True,False,False,True,False,True,True,False,False,False,False,False,False,True,False,False,False,False,False,True,False,False,True,True,False,False,True,False,False,0.5329581,1,Medium
0,72,88.7,6501.35,89.05958904109589,8,True,True,True,True,False,True,False,False,False,True,False,True,False,True,False,True,False,True,False,True,False,True,False,True,False,False,False,False,True,0.0016371033,0,Low
0,18,95.15,1779.95,93.68157894736842,4,True,True,True,True,False,False,True,False,False,False,False,False,False,True,False,False,False,True,False,True,False,False,False,False,False,True,True,False,False,0.40839827,1,Medium
0,3,75.0,209.1,52.275,2,True,False,False,True,False,True,True,False,False,False,False,False,False,False,False,False,False,False,False,False,False,False,False,False,False,True,False,False,False,0.5435765,1,Medium
0,1,49.95,49.95,24.975,2,False,False,False,True,False,True,False,False,False,False,False,False,False,False,False,False,False,False,False,False,False,False,True,False,False,False,False,False,False,0.38529238,1,Medium
0,10,72.15,794.25,72.20454545454545,4,True,False,False,True,False,True,False,False,False,False,False,False,False,False,False,False,False,True,False,True,False,False,True,True,False,False,False,False,False,0.26953977,1,Low
0,10,20.9,247.0,22.454545454545453,1,False,False,False,True,False,False,False,True,True,False,True,False,True,False,True,False,True,False,True,False,False,False,True,False,False,True,False,False,False,0.046215415,0,Low
0,29,20.0,540.05,18.001666666666665,1,False,True,True,True,False,False,False,True,True,False,True,False,True,False,True,False,True,False,True,False,True,False,False,False,True,False,False,True,False,0.011575912,0,Low
1,34,94.25,3217.55,91.93,5,False,True,False,True,False,True,True,False,False,False,False,True,False,True,False,False,False,False,False,True,False,False,True,False,True,False,False,True,False,0.18097092,1,Low
1,7,101.95,700.85,87.60625,5,True,True,False,True,False,True,True,False,False,False,False,False,False,True,False,False,False,True,False,True,False,False,True,False,True,False,False,False,False,0.9529636,1,High
0,69,86.9,6194.1,88.48714285714286,7,True,True,True,True,False,True,False,False,False,True,False,False,False,True,False,True,False,True,False,True,False,True,False,False,False,False,False,False,True,0.008760642,0,Low
0,36,54.45,1893.5,51.17567567567568,3,False,False,False,True,False,True,False,False,False,True,False,False,False,False,False,False,False,False,False,False,True,False,False,False,False,True,False,True,False,0.006264821,0,Low
0,72,85.95,6151.9,84.27260273972603,7,True,True,False,True,False,True,False,False,False,False,False,True,False,True,False,True,False,True,False,True,False,True,False,False,False,False,False,False,True,0.002932437,0,Low
0,42,20.65,958.1,22.28139534883721,1,False,False,False,True,False,False,False,True,True,False,True,False,True,False,True,False,True,False,True,False,True,False,True,False,False,True,False,True,False,0.0055976645,0,Low
0,42,99.0,4298.45,99.96395348837208,6,True,False,False,True,False,True,True,False,False,True,False,True,False,True,False,False,False,False,False,True,True,False,True,False,True,False,False,True,False,0.42494017,0,Medium
0,67,43.9,3097.2,45.54705882352941,3,True,False,False,False,True,False,False,False,False,True,False,False,False,False,False,True,False,True,False,False,False,True,False,False,True,False,False,False,True,0.0357854,0,Low
1,21,95.4,2025.1,92.05,4,False,False,False,True,False,True,True,False,False,False,False,False,False,False,False,False,False,True,False,True,False,False,True,False,False,False,True,False,False,0.64928365,0,High
0,23,93.5,2341.55,97.56458333333335,4,False,False,False,True,False,True,True,False,False,False,False,False,False,False,False,False,False,True,False,True,False,False,True,False,True,False,True,False,False,0.8285318,0,High
0,15,86.2,1270.2,79.3875,3,False,False,False,True,False,False,True,False,False,True,False,False,False,False,False,False,False,True,False,False,False,False,False,False,True,False,True,False,False,0.3097042,1,Medium
1,34,64.2,2106.3,60.18000000000001,4,False,True,False,True,False,False,False,False,False,False,False,False,False,True,False,True,False,True,False,False,True,False,False,False,False,False,False,True,False,0.024913464,0,Low
1,7,99.25,665.45,83.18125,5,True,True,False,True,False,True,True,False,False,False,False,False,False,True,False,False,False,True,False,True,False,False,True,False,True,False,False,False,False,0.98066163,1,High
0,9,20.4,184.1,18.41,1,True,False,True,True,False,False,False,True,True,False,True,False,True,False,True,False,True,False,True,False,False,False,False,False,False,True,False,False,False,0.04241655,0,Low
0,34,24.7,780.2,22.291428571428572,2,False,True,False,True,False,True,False,True,True,False,True,False,True,False,True,False,True,False,True,False,False,False,False,False,True,False,False,True,False,0.027114209,0,Low
0,1,35.55,35.55,17.775,1,True,False,False,False,True,False,False,False,False,False,False,False,False,False,False,False,False,False,False,True,False,False,True,False,True,False,False,False,False,0.98125446,1,High
0,25,108.9,2809.05,108.04038461538462,7,False,False,False,True,False,True,True,False,False,False,False,True,False,True,False,True,False,True,False,True,False,True,False,False,True,False,False,True,False,0.34687343,0,Medium
0,72,115.5,8312.75,113.87328767123287,8,False,True,False,True,False,True,True,False,False,True,False,True,False,True,False,True,False,True,False,True,False,True,True,False,False,False,False,False,True,0.008344616,0,Low
0,1,20.55,20.55,10.275,1,True,False,False,True,False,False,False,True,True,False,True,False,True,False,True,False,True,False,True,False,False,False,False,False,True,False,False,False,False,0.22849363,1,Low
0,60,99.8,5985.75,98.12704918032787,5,False,True,False,True,False,True,True,False,False,False,False,True,False,False,False,False,False,True,False,True,False,False,True,False,True,False,False,False,True,0.36046064,0,Medium
0,43,84.25,3539.25,80.4375,4,True,True,False,True,False,False,True,False,False,True,False,False,False,True,False,True,False,False,False,False,True,False,True,False,False,False,False,True,False,0.05864685,0,Low
0,3,21.2,52.05,13.0125,1,True,False,False,True,False,False,False,True,True,False,True,False,True,False,True,False,True,False,True,False,True,False,False,False,False,True,False,False,False,0.055513527,0,Low
1,72,84.1,5981.65,81.94041095890411,7,True,True,False,True,False,True,False,False,False,True,False,True,False,True,False,False,False,True,False,True,False,True,True,True,False,False,False,False,True,0.0040687616,0,Low
0,2,45.35,89.5,29.833333333333332,1,True,False,False,True,False,False,False,False,False,False,False,False,False,False,False,False,False,False,False,False,False,False,False,False,True,False,False,False,False,0.63222855,1,High
0,10,98.9,1064.95,96.81363636363636,5,True,False,False,True,False,False,True,False,False,True,False,False,False,True,False,False,False,True,False,True,True,False,True,False,True,False,False,False,False,0.79611635,0,High
0,7,98.05,713.0,89.125,5,True,False,False,True,False,True,True,False,False,False,False,False,False,True,False,False,False,True,False,True,False,False,True,False,False,False,False,False,False,0.97858524,1,High
0,33,51.45,1758.9,51.73235294117647,2,False,True,False,True,False,False,False,False,False,False,False,False,False,False,False,True,False,False,False,False,True,False,True,False,False,True,False,True,False,0.02522709,0,Low
0,31,81.15,2640.55,82.5171875,3,True,False,False,True,False,True,True,False,False,False,False,True,False,False,False,False,False,False,False,False,False,False,True,False,True,False,False,True,False,0.55255586,0,Medium
1,38,94.75,3653.0,93.66666666666667,4,True,False,False,True,False,True,True,False,False,False,False,False,False,False,False,False,False,True,False,True,False,False,False,False,True,False,False,True,False,0.32491443,0,Medium
0,24,84.35,1938.05,77.52199999999999,4,False,False,False,True,False,True,True,False,False,True,False,False,False,False,False,True,False,False,False,False,False,False,True,False,True,False,True,False,False,0.55510414,0,Medium
0,28,59.55,1646.45,56.77413793103448,3,False,False,False,True,False,False,False,False,False,False,False,False,False,True,False,False,False,True,False,False,False,False,True,False,False,False,False,True,False,0.03746731,0,Low
0,72,38.5,2763.0,37.84931506849315,3,True,True,True,False,True,False,False,False,False,True,False,True,False,True,False,False,False,False,False,False,False,True,False,True,False,False,False,False,True,0.009542863,0,Low
0,20,19.25,375.25,17.86904761904762,1,False,True,False,True,False,False,False,True,True,False,True,False,True,False,True,False,True,False,True,False,False,False,False,False,False,False,True,False,False,0.031547368,0,Low
0,60,79.0,4801.1,78.70655737704918,6,True,False,False,True,False,False,False,False,False,True,False,False,False,True,False,True,False,True,False,True,True,False,False,False,False,True,False,False,True,0.01279606,0,Low
1,4,89.2,346.2,69.24,4,False,False,False,True,False,True,True,False,False,False,False,False,False,True,False,False,False,True,False,False,False,False,True,False,True,False,False,False,False,0.8907471,1,High
0,46,55.0,2473.95,52.63723404255319,3,False,True,False,True,False,True,False,False,False,True,False,False,False,False,False,False,False,False,False,False,False,False,False,False,False,False,False,True,False,0.018415766,0,Low
0,72,82.3,5815.15,79.65958904109588,7,True,True,True,True,False,True,False,False,False,True,False,True,False,True,False,True,False,True,False,False,False,True,False,False,False,False,False,False,True,0.003985057,0,Low
1,41,113.2,4689.5,111.6547619047619,7,False,False,False,True,False,True,True,False,False,True,False,True,False,True,False,False,False,True,False,True,False,False,True,False,True,False,False,True,False,0.5998936,1,Medium
1,65,100.75,6674.65,101.1310606060606,5,True,True,False,True,False,True,True,False,False,True,False,False,False,False,False,False,False,True,False,True,True,False,True,False,True,False,False,False,True,0.42794514,0,Medium
0,43,29.3,1224.05,27.81931818181818,1,True,True,True,False,True,False,False,False,False,False,False,True,False,False,False,False,False,False,False,False,False,False,False,True,False,False,False,True,False,0.4950951,0,Medium
0,21,64.85,1336.8,60.76363636363636,4,False,False,True,True,False,False,False,False,False,True,False,False,False,True,False,False,False,False,False,True,True,False,False,False,False,True,True,False,False,0.0422088,0,Low
0,54,20.4,1090.6,19.829090909090908,1,True,True,True,True,False,False,False,True,True,False,True,False,True,False,True,False,True,False,True,False,False,True,False,True,False,False,False,False,True,0.01680672,0,Low
1,61,104.4,6405.0,103.30645161290323,6,False,True,False,True,False,True,True,False,False,False,False,True,False,True,False,False,False,True,False,True,True,False,True,True,False,False,False,False,True,0.16570225,1,Low
0,20,55.0,1165.55,55.50238095238095,5,True,False,False,False,True,False,False,False,False,True,False,True,False,True,False,True,False,True,False,False,False,False,True,True,False,False,True,False,False,0.33077314,0,Medium
0,69,105.2,7386.05,105.515,6,True,False,False,True,False,True,True,False,False,False,False,True,False,False,False,True,False,True,False,True,True,False,True,False,False,False,False,False,True,0.65777266,0,High
1,1,45.2,45.2,22.6,1,True,False,False,True,False,False,False,False,False,False,False,False,False,False,False,False,False,False,False,False,False,False,False,False,True,False,False,False,False,0.80476993,0,High
1,33,93.55,3055.5,89.86764705882354,5,True,True,False,True,False,False,True,False,False,True,False,True,False,False,False,True,False,False,False,True,True,False,True,False,True,False,False,True,False,0.15784173,0,Low
0,19,20.85,467.5,23.375,1,True,False,True,True,False,False,False,True,True,False,True,False,True,False,True,False,True,False,True,False,False,True,False,True,False,False,True,False,False,0.011131835,0,Low
0,2,79.0,143.65,47.88333333333333,2,True,False,False,True,False,False,True,False,False,False,False,False,False,False,False,False,False,True,False,False,False,False,False,False,True,False,False,False,False,0.9291256,1,High
0,13,63.15,816.8,58.34285714285714,4,False,True,True,True,False,False,False,False,False,True,False,False,False,True,False,False,False,False,False,True,False,False,True,False,False,True,True,False,False,0.13232729,0,Low
0,1,45.8,45.8,22.9,1,True,False,False,True,False,False,False,False,False,False,False,False,False,False,False,False,False,False,False,False,False,False,True,False,False,True,False,False,False,0.8592533,0,High
0,55,55.7,3131.8,55.925000000000004,3,False,True,True,True,False,False,False,False,False,True,False,True,False,False,False,False,False,False,False,False,False,False,False,False,True,False,False,False,True,0.049429182,0,Low
0,22,95.1,2162.6,94.02608695652174,4,True,False,False,True,False,True,True,False,False,False,False,False,False,False,False,False,False,True,False,True,False,False,True,False,True,False,True,False,False,0.84979314,0,High
1,27,75.5,1893.95,67.64107142857144,2,True,True,False,True,False,True,True,False,False,False,False,False,False,False,False,False,False,False,False,False,False,False,True,False,True,False,False,True,False,0.33717838,1,Medium
1,13,89.05,1169.35,83.52499999999999,4,True,True,False,True,False,False,True,False,False,False,False,True,False,False,False,True,False,False,False,True,False,False,True,False,False,False,True,False,False,0.60479593,1,High
0,26,50.35,1285.8,47.62222222222222,2,True,True,True,True,False,False,False,False,False,False,False,False,False,True,False,False,False,False,False,False,True,False,False,False,False,True,False,True,False,0.018530635,0,Low
0,35,20.1,655.3,18.202777777777776,1,True,True,True,True,False,False,False,True,True,False,True,False,True,False,True,False,True,False,True,False,False,True,False,False,False,True,False,True,False,0.006438566,0,Low
1,56,104.75,5841.35,102.47982456140352,6,False,False,False,True,False,True,True,False,False,False,False,True,False,True,False,False,False,True,False,True,False,False,False,False,True,False,False,False,True,0.1921188,0,Low
0,1,95.45,95.45,47.725,4,True,False,False,True,False,True,True,False,False,False,False,False,False,False,False,False,False,True,False,True,False,False,True,False,True,False,False,False,False,0.9753508,1,High
1,1,74.3,74.3,37.15,2,True,True,False,True,False,True,True,False,False,False,False,False,False,False,False,False,False,False,False,False,False,False,False,False,True,False,False,False,False,0.7560224,0,High
0,23,90.6,1943.2,80.96666666666667,4,True,False,False,True,False,True,True,False,False,False,False,False,False,False,False,True,False,True,False,False,False,False,True,False,True,False,True,False,False,0.85733235,1,High
0,7,75.45,480.75,60.09375,2,False,False,False,True,False,True,True,False,False,False,False,False,False,False,False,False,False,False,False,False,False,False,False,False,False,True,False,False,False,0.4894537,1,Medium
0,22,104.6,2180.55,94.80652173913045,6,True,True,False,True,False,False,True,False,False,True,False,True,False,False,False,True,False,True,False,True,False,False,True,False,True,False,True,False,False,0.31095862,0,Medium
0,56,59.5,3389.25,59.46052631578947,4,True,True,False,True,False,True,False,False,False,False,False,True,False,True,False,False,False,False,False,False,False,True,False,True,False,False,False,False,True,0.046046708,0,Low
0,71,82.55,5832.65,81.00902777777777,6,True,True,False,True,False,False,False,False,False,True,False,False,False,True,False,True,False,True,False,True,False,True,True,False,True,False,False,False,True,0.010623763,0,Low
0,59,19.85,1188.25,19.804166666666667,1,True,True,True,True,False,False,False,True,True,False,True,False,True,False,True,False,True,False,True,False,False,True,False,False,False,True,False,False,True,0.0130278645,0,Low
0,18,96.05,1740.7,91.61578947368422,4,False,False,False,True,False,False,True,False,False,True,False,False,False,False,False,False,False,True,False,True,False,False,True,False,True,False,True,False,False,0.6066549,1,High
0,60,61.35,3766.2,61.74098360655737,4,True,True,False,True,False,False,False,False,False,True,False,True,False,False,False,True,False,False,False,False,False,True,True,False,False,True,False,False,True,0.0041625146,0,Low
0,8,44.45,369.3,41.03333333333333,1,False,False,False,True,False,False,False,False,False,False,False,False,False,False,False,False,False,False,False,False,False,False,False,False,False,True,False,False,False,0.14179271,0,Low
0,1,19.75,19.75,9.875,1,True,False,False,True,False,False,False,True,True,False,True,False,True,False,True,False,True,False,True,False,False,False,True,True,False,False,False,False,False,0.2814371,0,Low
1,1,70.45,70.45,35.225,1,False,True,False,True,False,False,True,False,False,False,False,False,False,False,False,False,False,False,False,False,False,False,True,False,False,True,False,False,False,0.8203732,1,High
0,28,82.85,2320.8,80.02758620689656,3,False,True,True,True,False,False,True,False,False,True,False,False,False,False,False,False,False,False,False,True,True,False,True,False,False,False,False,True,False,0.41453767,0,Medium
0,18,74.15,1387.0,73.0,2,True,False,False,True,False,True,True,False,False,False,False,False,False,False,False,False,False,False,False,False,False,False,False,False,False,True,True,False,False,0.13570789,0,Low
0,24,90.35,2238.5,89.54,3,True,False,False,True,False,False,True,False,False,False,False,False,False,False,False,False,False,True,False,True,False,False,True,False,True,False,True,False,False,0.6710822,1,High
0,68,60.3,4109.0,59.55072463768116,5,False,True,True,False,True,False,False,False,False,False,False,True,False,True,False,True,False,True,False,True,False,True,False,True,False,False,False,False,True,0.0053649168,0,Low
0,71,104.65,7288.4,101.22777777777777,6,True,True,True,True,False,False,True,False,False,True,False,True,False,True,False,False,False,True,False,True,True,False,True,False,False,False,False,False,True,0.05225678,0,Low
0,64,19.7,1274.05,19.60076923076923,1,True,True,True,True,False,False,False,True,True,False,True,False,True,False,True,False,True,False,True,False,False,True,True,False,False,False,False,False,True,0.010281981,0,Low
0,72,110.75,7751.7,106.18767123287671,7,False,True,False,True,False,True,True,False,False,True,False,True,False,True,False,False,False,True,False,True,False,True,True,False,True,False,False,False,True,0.026373621,0,Low
1,69,110.25,7467.55,106.67928571428571,7,False,False,False,True,False,True,True,False,False,True,False,False,False,True,False,True,False,True,False,True,False,True,False,True,False,False,False,False,True,0.056435496,0,Low
0,67,53.4,3579.15,52.63455882352941,4,False,False,False,False,True,False,False,False,False,False,False,False,False,True,False,True,False,True,False,True,False,False,True,True,False,False,False,False,True,0.0351875,0,Low
1,20,80.7,1614.2,76.86666666666667,2,False,False,False,True,False,False,True,False,False,False,False,False,False,False,False,False,False,True,False,False,False,False,False,False,False,False,True,False,False,0.09634351,0,Low
0,25,18.7,383.65,14.75576923076923,1,False,True,True,True,False,False,False,True,True,False,True,False,True,False,True,False,True,False,True,False,False,True,True,False,False,True,False,True,False,0.005879457,0,Low
0,50,89.7,4304.5,84.40196078431373,4,False,False,False,True,False,False,True,False,False,False,False,False,False,True,False,True,False,False,False,True,False,True,True,False,False,False,False,False,True,0.02694376,0,Low
0,6,48.95,273.25,39.035714285714285,2,False,True,True,True,False,True,False,False,False,False,False,False,False,False,False,False,False,False,False,False,False,False,True,True,False,False,False,False,False,0.74377674,0,High
0,2,19.6,35.85,11.950000000000001,1,False,False,True,True,False,False,False,True,True,False,True,False,True,False,True,False,True,False,True,False,False,False,True,False,True,False,False,False,False,0.31634706,1,Medium
0,18,20.1,407.05,21.423684210526318,1,False,False,False,True,False,False,False,True,True,False,True,False,True,False,True,False,True,False,True,False,True,False,False,False,False,True,True,False,False,0.023442257,0,Low
1,2,56.55,118.25,39.416666666666664,3,False,False,False,True,False,True,False,False,False,False,False,True,False,False,False,False,False,False,False,False,False,False,True,True,False,False,False,False,False,0.6501675,0,High
0,3,40.15,130.75,32.6875,2,True,False,False,False,True,False,False,False,False,False,False,False,False,True,False,False,False,True,False,False,False,False,True,False,False,True,False,False,False,0.8140071,1,High
0,9,69.4,571.45,57.145,4,False,False,True,True,False,False,False,False,False,False,False,False,False,False,False,True,False,True,False,True,False,False,True,True,False,False,False,False,False,0.31728828,0,Medium
0,1,69.9,69.9,34.95,1,True,False,False,True,False,False,True,False,False,False,False,False,False,False,False,False,False,False,False,False,False,False,True,False,True,False,False,False,False,0.9832373,1,High
0,70,113.65,7939.25,111.82042253521126,8,False,False,False,True,False,True,True,False,False,True,False,True,False,True,False,True,False,True,False,True,False,True,True,False,False,False,False,False,True,0.03917533,0,Low
0,46,96.05,4399.5,93.6063829787234,4,False,False,False,True,False,True,True,False,False,False,False,False,False,False,False,False,False,True,False,True,False,False,False,False,False,False,False,True,False,0.43269163,1,Medium
0,15,48.8,720.1,45.00625,2,False,False,False,True,False,True,False,False,False,False,False,False,False,False,False,False,False,False,False,False,False,False,True,False,False,True,True,False,False,0.35842,0,Medium
0,53,19.85,1049.6,19.437037037037037,1,False,False,False,True,False,False,False,True,True,False,True,False,True,False,True,False,True,False,True,False,False,True,False,True,False,False,False,False,True,0.03224841,0,Low
0,1,55.4,55.4,27.7,2,False,False,False,True,False,False,False,False,False,False,False,False,False,False,False,False,False,False,False,True,False,False,True,False,True,False,False,False,False,0.745627,1,High
0,29,19.35,601.6,20.053333333333335,1,False,False,False,True,False,False,False,True,True,False,True,False,True,False,True,False,True,False,True,False,False,False,False,True,False,False,False,True,False,0.031116877,0,Low
0,1,77.15,77.15,38.575,2,False,False,False,True,False,True,True,False,False,False,False,False,False,False,False,False,False,False,False,False,False,False,True,False,True,False,False,False,False,0.9782153,1,High
0,69,60.05,4176.7,59.667142857142856,5,True,False,False,False,True,False,False,False,False,True,False,True,False,False,False,True,False,True,False,True,False,True,True,False,False,False,False,False,True,0.008868341,0,Low
1,63,36.1,2298.9,35.9203125,2,True,True,False,False,True,False,False,False,False,True,False,False,False,False,False,True,False,False,False,False,True,False,False,False,False,False,False,False,True,0.013689555,0,Low
1,51,25.0,1260.7,24.24423076923077,2,True,False,False,True,False,True,False,True,True,False,True,False,True,False,True,False,True,False,True,False,True,False,False,False,False,False,False,False,True,0.030741602,0,Low
0,64,73.55,4764.0,73.29230769230769,2,True,True,False,True,False,False,True,False,False,True,False,False,False,False,False,False,False,False,False,False,False,False,True,False,False,True,False,False,True,0.036126956,0,Low
0,52,84.05,4326.8,81.63773584905661,4,False,True,True,True,False,False,True,False,False,True,False,False,False,True,False,True,False,False,False,False,False,False,True,False,False,False,False,False,True,0.04519828,0,Low
0,70,59.5,4144.8,58.3774647887324,5,True,True,True,False,True,False,False,False,False,True,False,False,False,True,False,True,False,True,False,True,False,True,False,False,False,False,False,False,True,0.0055531394,0,Low
0,9,54.8,452.8,45.28,3,True,True,True,True,False,False,False,False,False,False,False,True,False,False,False,True,False,False,False,False,False,False,False,False,False,True,False,False,False,0.17076851,0,Low
0,3,83.75,247.25,61.8125,3,False,False,False,True,False,False,True,False,False,False,False,True,False,False,False,False,False,True,False,False,False,False,False,False,True,False,False,False,False,0.32059237,1,Medium
0,70,74.8,5315.8,74.87042253521128,6,True,True,False,True,False,True,False,False,False,True,False,False,False,True,False,True,False,False,False,True,False,True,True,True,False,False,False,False,True,0.11466715,0,Low
0,21,84.1,1737.45,78.97500000000001,3,True,False,False,True,False,True,True,False,False,False,False,False,False,False,False,False,False,False,False,True,False,False,True,False,True,False,True,False,False,0.6956897,0,High
1,5,75.55,349.65,58.275,2,False,False,False,True,False,False,True,False,False,False,False,False,False,True,False,False,False,False,False,False,False,False,True,True,False,False,False,False,False,0.4164978,1,Medium
0,20,108.2,2203.7,104.93809523809523,7,True,False,False,True,False,False,True,False,False,True,False,True,False,True,False,True,False,True,False,True,False,False,True,False,False,False,True,False,False,0.5495628,0,Medium
1,72,109.75,8075.35,110.62123287671233,7,False,True,False,True,False,True,True,False,False,True,False,False,False,True,False,True,False,True,False,True,False,True,True,False,False,True,False,False,True,0.006123144,0,Low
0,72,20.3,1401.15,19.193835616438356,1,True,True,True,True,False,False,False,True,True,False,True,False,True,False,True,False,True,False,True,False,False,True,False,False,False,False,False,False,True,0.0021685038,0,Low
1,2,70.65,142.35,47.449999999999996,1,False,False,False,True,False,False,True,False,False,False,False,False,False,False,False,False,False,False,False,False,False,False,True,False,True,False,False,False,False,0.71912134,1,High
0,23,75.3,1702.9,70.95416666666667,2,False,True,True,True,False,False,True,False,False,False,False,False,False,True,False,False,False,False,False,False,False,False,True,True,False,False,True,False,False,0.269465,0,Low
0,4,20.95,85.5,17.1,1,False,False,False,True,False,False,False,True,True,False,True,False,True,False,True,False,True,False,True,False,False,False,False,False,False,False,False,False,False,0.087164246,1,Low
0,32,80.35,2596.15,78.67121212121212,3,True,False,False,True,False,True,True,False,False,False,False,True,False,False,False,False,False,False,False,False,False,False,True,False,False,False,False,True,False,0.09968651,1,Low
0,36,89.65,3348.1,90.48918918918919,7,False,False,False,True,False,True,False,False,False,True,False,False,False,True,False,True,False,True,False,True,True,False,True,True,False,False,False,True,False,0.03701504,0,Low
0,24,49.7,1218.25,48.73,2,True,False,False,True,False,False,False,False,False,False,False,True,False,False,False,False,False,False,False,False,False,False,True,False,False,True,True,False,False,0.07719365,0,Low
0,6,49.5,312.7,44.67142857142857,2,True,False,False,True,False,False,False,False,False,False,False,False,False,False,False,True,False,False,False,False,False,False,True,True,False,False,False,False,False,0.34310174,0,Medium
0,23,59.7,1414.2,58.925000000000004,4,True,True,True,True,False,True,False,False,False,False,False,True,False,False,False,True,False,False,False,False,False,True,False,False,False,True,True,False,False,0.013895916,0,Low
0,48,20.65,1057.0,21.571428571428573,1,False,True,True,True,False,False,False,True,True,False,True,False,True,False,True,False,True,False,True,False,False,True,False,False,False,False,False,True,False,0.005548851,0,Low
0,28,54.9,1505.15,51.90172413793104,3,False,False,False,True,False,True,False,False,False,False,False,False,False,False,False,True,False,False,False,False,False,False,True,True,False,False,False,True,False,0.05395125,0,Low
1,52,49.15,2550.9,48.130188679245286,3,True,False,False,False,True,False,False,False,False,False,False,True,False,False,False,False,False,True,False,True,False,False,True,False,True,False,False,False,True,0.2924635,1,Low
0,3,74.95,212.4,53.1,2,False,False,False,True,False,True,True,False,False,False,False,False,False,False,False,False,False,False,False,False,False,False,True,False,True,False,False,False,False,0.8951681,0,High
0,2,80.55,184.1,61.36666666666667,2,False,False,False,True,False,False,True,False,False,False,False,False,False,False,False,False,False,False,False,True,False,False,False,False,True,False,False,False,False,0.84654045,1,High
0,4,19.95,68.2,13.64,1,True,False,False,True,False,False,False,True,True,False,True,False,True,False,True,False,True,False,True,False,True,False,False,False,False,True,False,False,False,0.023396224,0,Low
0,5,69.7,316.9,52.81666666666666,1,True,False,False,True,False,False,True,False,False,False,False,False,False,False,False,False,False,False,False,False,False,False,True,False,True,False,False,False,False,0.65514225,1,High
1,1,69.6,69.6,34.8,1,False,False,False,True,False,False,True,False,False,False,False,False,False,False,False,False,False,False,False,False,False,False,True,False,True,False,False,False,False,0.9840209,1,High
0,66,19.75,1344.5,20.067164179104477,1,True,True,True,True,False,False,False,True,True,False,True,False,True,False,True,False,True,False,True,False,False,True,True,False,False,True,False,False,True,0.009789814,0,Low
0,52,102.7,5138.1,96.94528301886793,6,False,True,False,True,False,True,True,False,False,False,False,True,False,False,False,True,False,True,False,True,False,False,True,True,False,False,False,False,True,0.41061327,0,Medium
0,1,24.6,24.6,12.3,0,False,False,False,False,True,False,False,False,False,False,False,False,False,False,False,False,False,False,False,False,False,False,False,False,True,False,False,False,False,0.36911526,1,Medium
0,35,89.2,3251.3,90.3138888888889,4,True,False,False,True,False,False,True,False,False,True,False,False,False,False,False,True,False,False,False,True,True,False,True,False,True,False,False,True,False,0.09027404,0,Low
0,3,55.8,154.55,38.6375,3,True,True,False,True,False,False,False,False,False,False,False,False,False,True,False,True,False,False,False,False,False,False,True,False,False,True,False,False,False,0.7588495,0,High
1,66,102.85,6976.75,104.13059701492537,6,False,False,False,True,False,True,True,False,False,False,False,False,False,True,False,True,False,True,False,True,True,False,True,True,False,False,False,False,True,0.53644615,0,Medium
0,59,68.7,4070.95,67.84916666666666,5,False,False,False,True,False,True,False,False,False,True,False,False,False,False,False,True,False,False,False,True,True,False,False,False,False,False,False,False,True,0.0110917725,0,Low
0,52,25.75,1345.85,25.393396226415092,2,True,True,True,True,False,True,False,True,True,False,True,False,True,False,True,False,True,False,True,False,False,True,False,False,False,True,False,False,True,0.008520705,0,Low
0,8,73.5,632.2,70.24444444444445,2,False,False,False,True,False,True,True,False,False,False,False,False,False,False,False,False,False,False,False,False,False,False,True,False,True,False,False,False,False,0.74562943,0,High
0,5,53.8,283.95,47.324999999999996,3,False,False,False,True,False,True,False,False,False,True,False,False,False,False,False,False,False,False,False,False,False,False,True,False,True,False,False,False,False,0.29470453,0,Low
0,4,44.55,174.3,34.86,2,True,False,False,False,True,False,False,False,False,False,False,False,False,False,False,False,False,True,False,True,False,False,True,False,True,False,False,False,False,0.8582345,1,High
0,50,70.5,3486.65,68.36568627450981,5,True,True,True,True,False,True,False,False,False,True,False,False,False,False,False,True,False,True,False,False,False,True,True,True,False,False,False,False,True,0.009233026,0,Low
0,62,108.15,6825.65,108.34365079365078,7,True,True,True,True,False,False,True,False,False,True,False,True,False,True,False,True,False,True,False,True,False,True,False,False,False,True,False,False,True,0.07930374,0,Low
0,61,19.45,1336.35,21.554032258064513,1,False,False,False,True,False,False,False,True,True,False,True,False,True,False,True,False,True,False,True,False,True,False,False,False,False,False,False,False,True,0.017514538,0,Low
0,55,85.5,4713.4,84.16785714285713,3,True,True,True,True,False,True,True,False,False,False,False,False,False,False,False,False,False,False,False,True,False,False,False,False,False,False,False,False,True,0.32958442,0,Medium
0,5,20.05,95.55,15.924999999999999,1,True,False,False,True,False,False,False,True,True,False,True,False,True,False,True,False,True,False,True,False,False,False,False,True,False,False,False,False,False,0.11133871,0,Low
0,35,54.95,1916.0,53.22222222222222,3,False,True,True,True,False,False,False,False,False,True,False,False,False,False,False,True,False,False,False,False,True,False,True,False,False,False,False,True,False,0.0085136285,0,Low
0,22,89.1,1949.4,84.75652173913043,4,True,False,True,True,False,True,True,False,False,False,False,True,False,False,False,False,False,True,False,False,False,False,True,True,False,False,True,False,False,0.48359928,0,Medium
0,57,53.35,3090.05,53.27672413793104,4,True,False,False,False,True,False,False,False,False,False,False,False,False,True,False,True,False,True,False,True,False,True,False,True,False,False,False,False,True,0.028663037,0,Low
1,57,95.25,5427.05,93.5698275862069,5,True,True,False,True,False,True,True,False,False,False,False,True,False,True,False,False,False,False,False,True,False,False,True,False,False,False,False,False,True,0.14711492,1,Low
0,64,19.45,1225.65,18.85615384615385,1,False,True,False,True,False,False,False,True,True,False,True,False,True,False,True,False,True,False,True,False,False,True,False,True,False,False,False,False,True,0.0046931286,0,Low
0,26,95.85,2475.35,91.67962962962963,5,False,False,False,True,False,False,True,False,False,True,False,False,False,True,False,True,False,False,False,True,True,False,True,False,False,False,False,True,False,0.13258725,0,Low
1,39,99.1,3877.95,96.94874999999999,5,False,True,False,True,False,False,True,False,False,True,False,True,False,False,False,False,False,True,False,True,True,False,False,False,False,True,False,True,False,0.14103454,0,Low
0,19,59.8,1130.85,56.5425,3,False,True,False,True,False,False,False,False,False,False,False,True,False,False,False,False,False,False,False,True,False,False,True,False,False,True,True,False,False,0.22145548,0,Low
0,31,93.8,3019.5,94.359375,5,True,True,False,True,False,True,True,False,False,False,False,True,False,True,False,False,False,True,False,False,False,False,False,False,True,False,False,True,False,0.16097423,1,Low
0,6,19.85,119.3,17.04285714285714,1,False,True,True,True,False,False,False,True,True,False,True,False,True,False,True,False,True,False,True,False,False,False,False,False,False,True,False,False,False,0.27470687,0,Low
0,52,89.45,4577.75,86.37264150943396,4,True,False,False,True,False,True,True,False,False,False,False,False,False,True,False,False,False,False,False,True,False,True,True,True,False,False,False,False,True,0.16872597,0,Low
0,53,85.7,4616.1,85.48333333333333,7,True,True,True,True,False,True,False,False,False,True,False,False,False,True,False,True,False,True,False,True,False,False,False,False,True,False,False,False,True,0.18106872,0,Low
1,56,111.95,6418.9,112.61228070175439,7,False,False,False,True,False,True,True,False,False,False,False,True,False,True,False,True,False,True,False,True,True,False,True,False,True,False,False,False,True,0.11375862,1,Low
0,56,75.85,4261.2,74.7578947368421,6,True,True,True,True,False,True,False,False,False,True,False,True,False,False,False,True,False,False,False,True,False,True,True,True,False,False,False,False,True,0.015951516,0,Low
0,49,99.8,4872.45,97.449,5,True,True,True,True,False,True,True,False,False,False,False,False,False,True,False,False,False,True,False,True,False,False,True,False,True,False,False,False,True,0.9534002,1,High
0,39,25.0,1004.35,25.10875,2,True,False,True,True,False,True,False,True,True,False,True,False,True,False,True,False,True,False,True,False,False,True,False,False,False,True,False,True,False,0.0046711024,0,Low
0,61,99.15,6010.05,96.93629032258065,5,False,True,True,True,False,True,True,False,False,False,False,True,False,False,False,False,False,True,False,True,False,False,True,False,True,False,False,False,True,0.17449586,1,Low
0,43,34.0,1505.35,34.2125,2,False,True,False,False,True,False,False,False,False,True,False,False,False,False,False,True,False,False,False,False,False,False,False,False,False,False,False,True,False,0.19851103,0,Low
0,5,19.55,99.6,16.599999999999998,1,False,False,False,True,False,False,False,True,True,False,True,False,True,False,True,False,True,False,True,False,True,False,False,False,True,False,False,False,False,0.035125658,0,Low
0,11,20.3,246.3,20.525000000000002,1,False,False,False,True,False,False,False,True,True,False,True,False,True,False,True,False,True,False,True,False,False,False,False,False,False,False,False,False,False,0.07236873,0,Low
0,2,24.85,62.0,20.666666666666668,2,True,False,False,True,False,True,False,True,True,False,True,False,True,False,True,False,True,False,True,False,False,False,False,False,False,True,False,False,False,0.16618414,0,Low
0,13,96.65,1244.5,88.89285714285714,5,False,False,False,True,False,True,True,False,False,True,False,True,False,False,False,False,False,True,False,False,False,False,True,False,True,False,True,False,False,0.8826864,1,High
0,72,81.0,5750.0,78.76712328767124,7,True,True,True,True,False,True,False,False,False,True,False,True,False,True,False,True,False,False,False,True,False,True,False,True,False,False,False,False,True,0.0043125846,0,Low
1,46,69.1,3255.35,69.2627659574468,5,False,False,False,True,False,True,False,False,False,False,False,False,False,True,False,True,False,False,False,True,True,False,True,True,False,False,False,True,False,0.03557334,0,Low
0,71,108.55,7616.0,105.77777777777777,7,True,True,False,True,False,True,True,False,False,True,False,False,False,True,False,True,False,True,False,True,False,True,True,True,False,False,False,False,True,0.498192,0,Medium
0,36,87.55,3078.1,83.19189189189188,4,False,False,False,True,False,False,True,False,False,False,False,False,False,True,False,True,False,False,False,True,False,False,True,False,True,False,False,True,False,0.15053862,1,Low
0,64,108.5,6880.85,105.85923076923078,7,True,True,False,True,False,True,True,False,False,True,False,False,False,True,False,True,False,True,False,True,True,False,True,False,False,True,False,False,True,0.14498822,0,Low
0,1,75.3,75.3,37.65,2,False,False,False,True,False,False,True,False,False,True,False,False,False,False,False,False,False,False,False,False,False,False,False,False,False,True,False,False,False,0.6086878,1,High
0,15,84.3,1308.4,81.775,3,False,True,False,True,False,False,True,False,False,False,False,False,False,True,False,False,False,True,False,False,False,False,True,False,True,False,True,False,False,0.63349146,1,High
0,36,20.0,666.75,18.02027027027027,1,True,True,False,True,False,False,False,True,True,False,True,False,True,False,True,False,True,False,True,False,True,False,False,False,False,True,False,True,False,0.0065563964,0,Low
0,6,40.55,217.5,31.071428571428573,3,False,True,True,False,True,False,False,False,False,False,False,True,False,True,False,True,False,False,False,False,False,True,False,False,False,True,False,False,False,0.04809259,0,Low
0,30,50.0,1474.9,47.57741935483871,2,True,True,False,True,False,False,False,False,False,False,False,False,False,True,False,False,False,False,False,False,False,False,True,False,False,True,False,True,False,0.035746083,0,Low
0,1,59.85,59.85,29.925,3,True,False,False,True,False,True,False,False,False,False,False,False,False,False,False,False,False,True,False,False,False,False,True,False,True,False,False,False,False,0.68413466,1,High
0,13,80.85,1008.7,72.05,2,True,False,False,True,False,False,True,False,False,False,False,False,False,False,False,False,False,False,False,True,False,False,True,False,True,False,True,False,False,0.38858873,1,Medium
0,61,20.4,1226.45,19.781451612903226,1,True,True,True,True,False,False,False,True,True,False,True,False,True,False,True,False,True,False,True,False,True,False,False,False,False,True,False,False,True,0.005801256,0,Low
0,72,107.7,7919.8,108.4904109589041,7,True,True,True,True,False,True,True,False,False,True,False,True,False,False,False,True,False,True,False,True,False,True,True,True,False,False,False,False,True,0.019739715,0,Low
0,67,74.0,4868.4,71.59411764705882,6,False,True,True,True,False,True,False,False,False,True,False,True,False,False,False,True,False,True,False,False,False,True,False,True,False,False,False,False,True,0.060629863,0,Low
0,34,79.95,2727.3,77.92285714285715,6,False,False,False,True,False,False,False,False,False,True,False,False,False,True,False,True,False,True,False,True,True,False,True,False,False,False,False,True,False,0.029963164,0,Low
0,72,20.5,1502.25,20.578767123287673,1,False,True,False,True,False,False,False,True,True,False,True,False,True,False,True,False,True,False,True,False,False,True,False,True,False,False,False,False,True,0.0013467253,0,Low
0,46,65.65,3047.15,64.83297872340425,5,True,True,False,True,False,False,False,False,False,True,False,True,False,True,False,True,False,False,False,False,False,True,False,False,False,True,False,True,False,0.010347306,0,Low
0,7,75.1,552.95,69.11875,2,False,False,False,True,False,True,True,False,False,False,False,False,False,False,False,False,False,False,False,False,False,False,True,False,False,False,False,False,False,0.5694584,1,Medium
1,7,76.45,503.6,62.95,2,False,False,False,True,False,False,True,False,False,True,False,False,False,False,False,False,False,False,False,False,False,False,False,False,False,False,False,False,False,0.20940717,1,Low
0,72,67.8,4804.65,65.81712328767122,6,True,True,False,True,False,True,False,False,False,True,False,True,False,True,False,True,False,False,False,False,False,True,True,False,False,False,False,False,True,0.004488293,0,Low
0,32,86.1,2723.75,82.53787878787878,3,False,True,True,True,False,False,True,False,False,False,False,True,False,False,False,False,False,True,False,False,False,False,True,False,True,False,False,True,False,0.5333913,0,Medium
0,39,53.85,2200.7,55.0175,3,True,False,False,True,False,True,False,False,False,False,False,False,False,False,False,True,False,False,False,False,False,True,True,True,False,False,False,True,False,0.085857965,0,Low
0,47,96.1,4391.45,91.48854166666666,5,True,True,True,True,False,False,True,False,False,True,False,True,False,True,False,False,False,False,False,True,True,False,True,False,True,False,False,True,False,0.12027153,0,Low
1,50,95.05,4888.7,95.85686274509804,5,False,True,False,True,False,True,True,False,False,False,False,True,False,True,False,False,False,True,False,False,False,False,True,False,True,False,False,False,True,0.30866897,1,Medium
0,58,19.55,1108.8,18.79322033898305,1,True,True,True,True,False,False,False,True,True,False,True,False,True,False,True,False,True,False,True,False,True,False,True,False,True,False,False,False,True,0.10748042,0,Low
0,41,81.3,3190.65,75.96785714285714,3,False,False,False,True,False,True,True,False,False,True,False,False,False,False,False,False,False,False,False,False,False,False,True,True,False,False,False,True,False,0.51601243,0,Medium
1,4,83.25,308.05,61.61,3,False,True,False,True,False,True,True,False,False,False,False,False,False,False,False,False,False,True,False,False,False,False,True,False,True,False,False,False,False,0.8352751,0,High
0,32,61.4,1864.65,56.50454545454546,4,False,True,True,True,False,False,False,False,False,True,False,True,False,False,False,True,False,False,False,False,False,False,False,False,False,False,False,True,False,0.020157507,0,Low
0,1,20.75,20.75,10.375,1,True,False,False,True,False,False,False,True,True,False,True,False,True,False,True,False,True,False,True,False,False,False,False,True,False,False,False,False,False,0.26316884,0,Low
0,19,19.65,358.15,17.9075,1,True,False,False,True,False,False,False,True,True,False,True,False,True,False,True,False,True,False,True,False,False,True,False,False,False,True,True,False,False,0.017097453,0,Low
1,62,104.85,6312.9,100.2047619047619,6,False,True,False,True,False,True,True,False,False,True,False,False,False,True,False,False,False,True,False,True,True,False,True,False,True,False,False,False,True,0.46458787,0,Medium
0,1,74.1,74.1,37.05,5,False,False,False,True,False,False,False,False,False,False,False,False,False,True,False,True,False,True,False,True,True,False,False,True,False,False,False,False,False,0.11429543,0,Low
0,12,61.65,713.75,54.90384615384615,5,False,False,False,True,False,True,False,False,False,True,False,False,False,True,False,True,False,False,False,False,False,False,True,False,False,True,False,False,False,0.09307362,1,Low
0,48,45.3,2145.0,43.775510204081634,3,False,True,False,False,True,False,False,False,False,True,False,False,False,True,False,False,False,False,False,True,False,False,True,False,False,False,False,True,False,0.088036165,1,Low
0,3,64.5,177.4,44.35,4,False,False,True,True,False,False,False,False,False,True,False,False,False,False,False,True,False,False,False,True,False,False,True,False,False,False,False,False,False,0.061377663,0,Low
0,40,78.85,3126.85,76.26463414634146,3,False,True,False,True,False,True,True,False,False,False,False,False,False,False,False,True,False,False,False,False,False,False,True,True,False,False,False,True,False,0.47356087,0,Medium
0,19,25.15,468.35,23.4175,0,True,False,False,False,True,False,False,False,False,False,False,False,False,False,False,False,False,False,False,False,False,False,True,False,False,False,True,False,False,0.1841632,0,Low
0,1,70.25,70.25,35.125,1,False,False,False,True,False,False,True,False,False,False,False,False,False,False,False,False,False,False,False,False,False,False,True,False,True,False,False,False,False,0.8763533,1,High
0,67,24.9,1680.25,24.709558823529413,2,False,True,True,True,False,True,False,True,True,False,True,False,True,False,True,False,True,False,True,False,False,True,True,False,False,True,False,False,True,0.002510385,0,Low
0,16,100.7,1522.7,89.57058823529412,5,False,True,True,True,False,False,True,False,False,True,False,False,False,True,False,False,False,True,False,True,False,False,False,False,False,False,True,False,False,0.60358393,0,High
0,1,19.55,19.55,9.775,1,False,False,False,True,False,False,False,True,True,False,True,False,True,False,True,False,True,False,True,False,False,False,True,False,False,True,False,False,False,0.68179005,0,High
0,21,53.15,1183.2,53.78181818181818,5,False,False,True,False,True,False,False,False,False,True,False,True,False,True,False,True,False,True,False,False,False,True,False,False,False,True,True,False,False,0.016327655,0,Low
1,29,35.65,1025.15,34.17166666666667,2,False,True,True,False,True,False,False,False,False,False,False,True,False,True,False,False,False,False,False,False,False,False,True,False,False,True,False,True,False,0.22210915,0,Low
1,20,94.3,1818.3,86.58571428571429,5,True,True,True,True,False,False,True,False,False,True,False,False,False,True,False,True,False,False,False,True,True,False,False,True,False,False,True,False,False,0.15022317,0,Low
0,13,94.1,1215.6,86.82857142857142,5,False,True,False,True,False,True,True,False,False,False,False,True,False,True,False,False,False,True,False,False,False,False,False,False,True,False,True,False,False,0.62948656,1,High
0,9,29.95,248.95,24.895,1,True,True,True,False,True,False,False,False,False,False,False,True,False,False,False,False,False,False,False,False,False,False,True,False,True,False,False,False,False,0.8176686,1,High
0,51,83.25,4089.45,78.64326923076922,7,True,True,False,True,False,False,False,False,False,True,False,True,False,True,False,True,False,True,False,True,False,True,True,True,False,False,False,False,True,0.008190369,0,Low
0,60,79.05,4663.4,76.44918032786885,6,True,True,True,True,False,False,False,False,False,True,False,True,False,False,False,True,False,True,False,True,False,False,True,True,False,False,False,False,True,0.035543825,0,Low
1,20,79.15,1520.9,72.42380952380952,3,False,False,False,True,False,True,True,False,False,True,False,False,False,False,False,False,False,False,False,False,False,False,True,False,True,False,True,False,False,0.558957,1,Medium
0,9,34.7,296.1,29.610000000000003,1,True,False,False,False,True,False,False,False,False,False,False,False,False,False,False,False,False,True,False,False,False,False,True,True,False,False,False,False,False,0.35517266,1,Medium
1,8,80.65,633.3,70.36666666666666,3,False,True,False,True,False,True,True,False,False,False,False,True,False,False,False,False,False,False,False,False,False,False,True,True,False,False,False,False,False,0.8497404,1,High
0,63,79.8,5034.05,78.65703125,6,True,True,False,True,False,True,False,False,False,False,False,False,False,True,False,True,False,True,False,True,False,True,False,True,False,False,False,False,True,0.023347529,0,Low
0,10,65.9,660.05,60.00454545454545,4,False,True,True,True,False,False,False,False,False,False,False,True,False,True,False,False,False,False,False,True,True,False,True,False,False,True,False,False,False,0.41257837,0,Medium
0,3,69.95,220.45,55.1125,4,False,False,False,True,False,False,False,False,False,False,False,False,False,True,False,False,False,True,False,True,True,False,True,False,True,False,False,False,False,0.566277,0,Medium
0,44,20.6,926.0,20.57777777777778,1,True,True,True,True,False,False,False,True,True,False,True,False,True,False,True,False,True,False,True,False,True,False,False,False,False,False,False,True,False,0.004775492,0,Low
0,8,51.3,411.6,45.733333333333334,2,True,True,True,True,False,False,False,False,False,True,False,False,False,False,False,False,False,False,False,False,False,False,True,True,False,False,False,False,False,0.30555496,0,Medium
0,61,106.0,6547.7,105.60806451612903,6,True,True,True,True,False,True,True,False,False,True,False,True,False,False,False,False,False,True,False,True,True,False,True,False,True,False,False,False,True,0.15157834,1,Low
0,43,99.3,4209.95,95.68068181818181,5,False,True,True,True,False,True,True,False,False,False,False,False,False,True,False,False,False,True,False,True,False,False,True,False,False,False,False,True,False,0.43725172,0,Medium
0,43,56.35,2391.15,54.34431818181818,2,True,True,False,True,False,False,False,False,False,False,False,False,False,False,False,False,False,True,False,False,True,False,True,False,False,True,False,True,False,0.14079243,0,Low
0,5,50.6,249.95,41.65833333333333,2,False,False,False,True,False,True,False,False,False,False,False,False,False,False,False,False,False,False,False,False,False,False,True,False,False,True,False,False,False,0.75807834,1,High
0,29,69.05,1958.45,65.28166666666667,5,True,True,True,True,False,True,False,False,False,True,False,False,False,False,False,True,False,True,False,False,True,False,False,False,False,False,False,True,False,0.0078264605,0,Low
1,54,99.05,5295.7,96.28545454545454,5,True,True,False,True,False,True,True,False,False,False,False,False,False,True,False,False,False,True,False,True,False,False,True,True,False,False,False,False,True,0.7256958,0,High
0,50,98.25,4858.7,95.26862745098039,5,True,True,False,True,False,True,True,False,False,False,False,True,False,False,False,False,False,True,False,True,True,False,True,False,True,False,False,False,True,0.8372027,0,High
0,68,88.15,6148.45,89.10797101449275,8,False,False,False,True,False,True,False,False,False,True,False,True,False,True,False,True,False,True,False,True,False,True,True,False,True,False,False,False,True,0.011556657,0,Low
1,1,69.25,69.25,34.625,1,False,True,True,True,False,False,True,False,False,False,False,False,False,False,False,False,False,False,False,False,False,False,True,False,True,False,False,False,False,0.97942895,1,High
0,72,108.3,7679.65,105.20068493150684,7,False,True,True,True,False,False,True,False,False,True,False,True,False,True,False,True,False,True,False,True,False,True,True,False,False,False,False,False,True,0.020648852,0,Low
0,55,73.1,4144.9,74.01607142857142,2,False,False,False,True,False,True,True,False,False,False,False,False,False,False,False,False,False,False,False,False,False,False,True,False,True,False,False,False,True,0.4532074,0,Medium
0,3,70.3,220.4,55.1,1,True,False,False,True,False,False,True,False,False,False,False,False,False,False,False,False,False,False,False,False,False,False,True,False,False,True,False,False,False,0.7356393,0,High
0,1,19.05,19.05,9.525,1,True,False,False,True,False,False,False,True,True,False,True,False,True,False,True,False,True,False,True,False,False,False,False,False,False,True,False,False,False,0.16896273,0,Low
0,7,19.85,144.15,18.01875,1,False,True,True,True,False,False,False,True,True,False,True,False,True,False,True,False,True,False,True,False,False,True,False,False,False,True,False,False,False,0.04642464,0,Low
1,9,84.4,732.5,73.25,3,True,False,False,True,False,True,True,False,False,False,False,False,False,False,False,False,False,False,False,True,False,False,True,True,False,False,False,False,False,0.9103922,1,High
0,37,35.8,1316.9,34.65526315789474,1,True,False,False,False,True,False,False,False,False,False,False,False,False,False,False,False,False,True,False,False,False,True,False,True,False,False,False,True,False,0.044547237,0,Low
0,62,86.1,5215.25,82.78174603174604,7,True,True,True,True,False,False,False,False,False,True,False,True,False,True,False,True,False,True,False,True,False,True,False,False,True,False,False,False,True,0.018180808,0,Low
0,56,61.3,3346.8,58.71578947368421,4,False,True,True,True,False,False,False,False,False,True,False,True,False,True,False,False,False,False,False,False,False,True,True,True,False,False,False,False,True,0.018477056,0,Low
0,27,24.5,761.95,27.212500000000002,2,False,True,True,True,False,True,False,True,True,False,True,False,True,False,True,False,True,False,True,False,False,True,False,False,True,False,False,True,False,0.031031912,0,Low
0,49,87.2,4345.0,86.9,7,False,True,True,True,False,False,False,False,False,True,False,True,False,True,False,True,False,True,False,True,True,False,True,False,False,True,False,False,True,0.022508282,0,Low
0,28,20.3,487.95,16.825862068965517,1,True,True,True,True,False,False,False,True,True,False,True,False,True,False,True,False,True,False,True,False,False,True,True,True,False,False,False,True,False,0.0078362385,0,Low
0,5,20.65,93.55,15.591666666666667,1,True,False,False,True,False,False,False,True,True,False,True,False,True,False,True,False,True,False,True,False,False,False,False,False,False,False,False,False,False,0.054482013,0,Low
0,56,19.7,1051.9,18.454385964912284,1,False,False,False,True,False,False,False,True,True,False,True,False,True,False,True,False,True,False,True,False,False,True,False,False,False,False,False,False,True,0.3806652,0,Medium
0,72,70.45,5165.7,70.76301369863013,6,False,True,True,True,False,True,False,False,False,True,False,True,False,True,False,True,False,False,False,False,False,True,True,False,False,False,False,False,True,0.00754221,0,Low
